1,フシギダネ,1:たいあたり,3:なきごえ,7:やどりぎのタネ,9:つるのムチ,13:どくのこな,13:ねむりごな,15:とっしん,19:はっぱカッター,21:あまいかおり,25:せいちょう,27:すてみタックル,31:なやみのタネ,33:こうごうせい,37:タネばくだん,,,,,,,,
2,フシギソウ,1:たいあたり,1:なきごえ,1:やどりぎのタネ,3:なきごえ,7:やどりぎのタネ,9:つるのムチ,13:どくのこな,13:ねむりごな,15:とっしん,20:はっぱカッター,23:あまいかおり,28:せいちょう,31:すてみタックル,36:なやみのタネ,39:こうごうせい,44:ソーラービーム,,,,,,
3,フシギバナ,1:たいあたり,1:なきごえ,1:やどりぎのタネ,1:つるのムチ,3:なきごえ,7:やどりぎのタネ,9:つるのムチ,13:どくのこな,13:ねむりごな,15:とっしん,20:はっぱカッター,23:あまいかおり,28:せいちょう,31:すてみタックル,32:はなびらのまい,39:なやみのタネ,45:こうごうせい,53:ソーラービーム,,,,
4,ヒトカゲ,1:ひっかく,1:なきごえ,7:ひのこ,10:えんまく,16:りゅうのいかり,19:こわいかお,25:ほのおのキバ,28:はじけるほのお,34:きりさく,37:かえんほうしゃ,43:ほのおのうず,46:れんごく,,,,,,,,,,
5,リザード,1:ひっかく,1:なきごえ,1:ひのこ,7:ひのこ,10:えんまく,17:りゅうのいかり,21:こわいかお,28:ほのおのキバ,32:はじけるほのお,39:きりさく,43:かえんほうしゃ,50:ほのおのうず,54:れんごく,,,,,,,,,
6,リザードン,1:ドラゴンクロー,1:シャドークロー,1:エアスラッシュ,1:ひっかく,1:なきごえ,1:ひのこ,1:えんまく,7:ひのこ,10:えんまく,17:りゅうのいかり,21:こわいかお,28:ほのおのキバ,32:はじけるほのお,36:つばさでうつ,41:きりさく,47:かえんほうしゃ,56:ほのおのうず,62:れんごく,71:ねっぷう,77:フレアドライブ,,
7,ゼニガメ,1:たいあたり,4:しっぽをふる,7:あわ,10:からにこもる,13:みずでっぽう,16:かみつく,19:こうそくスピン,22:まもる,25:みずのはどう,28:アクアテール,31:ロケットずつき,34:てっぺき,37:あまごい,40:ハイドロポンプ,,,,,,,,
8,カメール,1:たいあたり,1:しっぽをふる,1:あわ,4:しっぽをふる,7:あわ,10:からにこもる,13:みずでっぽう,16:かみつく,20:こうそくスピン,24:まもる,28:みずのはどう,32:アクアテール,36:ロケットずつき,40:てっぺき,44:あまごい,48:ハイドロポンプ,,,,,,
9,カメックス,1:ラスターカノン,1:たいあたり,1:しっぽをふる,1:あわ,1:からにこもる,4:しっぽをふる,7:あわ,10:からにこもる,13:みずでっぽう,16:かみつく,20:こうそくスピン,24:まもる,28:みずのはどう,32:アクアテール,39:ロケットずつき,46:てっぺき,53:あまごい,60:ハイドロポンプ,,,,
10,キャタピー,1:たいあたり,1:いとをはく,15:むしくい,,,,,,,,,,,,,,,,,,,
11,トランセル,1:かたくなる,7:かたくなる,,,,,,,,,,,,,,,,,,,,
12,バタフリー,1:ねんりき,10:ねんりき,12:どくのこな,12:しびれごな,12:ねむりごな,16:かぜおこし,18:ちょうおんぱ,22:ふきとばし,24:サイケこうせん,28:ぎんいろのかぜ,30:おいかぜ,34:いかりのこな,36:しんぴのまもり,40:ゆうわく,42:むしのさざめき,46:ちょうのまい,,,,,,
13,ビードル,1:どくばり,1:いとをはく,15:むしくい,,,,,,,,,,,,,,,,,,,
14,コクーン,1:かたくなる,7:かたくなる,,,,,,,,,,,,,,,,,,,,
15,スピアー,1:みだれづき,10:みだれづき,13:きあいだめ,16:ダブルニードル,19:いかり,22:おいうち,25:どくびし,28:ミサイルばり,31:こうそくいどう,34:ダメおし,37:どくづき,40:がむしゃら,,,,,,,,,,
16,ポッポ,1:たいあたり,5:すなかけ,9:かぜおこし,13:でんこうせっか,17:ふきとばし,21:たつまき,25:フェザーダンス,29:こうそくいどう,33:つばさでうつ,37:はねやすめ,41:おいかぜ,45:オウムがえし,49:エアスラッシュ,53:ぼうふう,,,,,,,,
17,ピジョン,1:たいあたり,1:すなかけ,1:かぜおこし,5:すなかけ,9:かぜおこし,13:でんこうせっか,17:ふきとばし,22:たつまき,27:フェザーダンス,32:こうそくいどう,37:つばさでうつ,42:はねやすめ,47:おいかぜ,52:オウムがえし,57:エアスラッシュ,62:ぼうふう,,,,,,
18,ピジョット,1:たいあたり,1:すなかけ,1:かぜおこし,1:でんこうせっか,5:すなかけ,9:かぜおこし,13:でんこうせっか,17:ふきとばし,22:たつまき,27:フェザーダンス,32:こうそくいどう,38:つばさでうつ,44:はねやすめ,50:おいかぜ,56:オウムがえし,62:エアスラッシュ,68:ぼうふう,,,,,
19,コラッタ,1:たいあたり,1:しっぽをふる,4:でんこうせっか,7:きあいだめ,10:かみつく,13:おいうち,16:ひっさつまえば,19:ふいうち,22:かみくだく,25:ダメおし,28:いかりのまえば,31:すてみタックル,34:がむしゃら,,,,,,,,,
20,ラッタ,1:つるぎのまい,1:たいあたり,1:しっぽをふる,1:でんこうせっか,1:きあいだめ,4:でんこうせっか,7:きあいだめ,10:かみつく,13:おいうち,16:ひっさつまえば,19:ふいうち,20:こわいかお,24:かみくだく,29:ダメおし,34:いかりのまえば,39:すてみタックル,44:がむしゃら,,,,,
21,オニスズメ,1:つつく,1:なきごえ,5:にらみつける,9:みだれづき,13:おいうち,17:つばめがえし,21:オウムがえし,25:こうそくいどう,29:ダメおし,33:はねやすめ,37:ドリルくちばし,,,,,,,,,,,
22,オニドリル,1:ついばむ,1:つつく,1:なきごえ,1:にらみつける,1:みだれづき,5:にらみつける,9:みだれづき,13:おいうち,17:つばめがえし,23:オウムがえし,29:こうそくいどう,35:ダメおし,41:はねやすめ,47:ドリルくちばし,53:ドリルライナー,,,,,,,
23,アーボ,1:まきつく,1:にらみつける,4:どくばり,9:かみつく,12:へびにらみ,17:いやなおと,20:ようかいえき,25:たくわえる,25:のみこむ,25:はきだす,28:アシッドボム,33:どろばくだん,36:いえき,41:くろいきり,44:とぐろをまく,49:ダストシュート,,,,,,
24,アーボック,1:こおりのキバ,1:かみなりのキバ,1:ほのおのキバ,1:まきつく,1:にらみつける,1:どくばり,1:かみつく,4:どくばり,9:かみつく,12:へびにらみ,17:いやなおと,20:ようかいえき,22:かみくだく,27:たくわえる,27:のみこむ,27:はきだす,32:アシッドボム,39:どろばくだん,44:いえき,51:くろいきり,56:とぐろをまく,63:ダストシュート
25,ピカチュウ,1:なきごえ,1:でんきショック,5:しっぽをふる,10:でんじは,13:でんこうせっか,18:エレキボール,21:かげぶんしん,26:たたきつける,29:１０まんボルト,34:フェイント,37:こうそくいどう,42:ほうでん,45:ひかりのかべ,50:かみなり,,,,,,,,
26,ライチュウ,1:でんきショック,1:しっぽをふる,1:でんこうせっか,1:１０まんボルト,,,,,,,,,,,,,,,,,,
27,サンド,1:ひっかく,3:まるくなる,7:すなかけ,9:どくばり,13:こうそくスピン,15:スピードスター,19:みだれひっかき,21:ころがる,25:れんぞくぎり,27:すなじごく,31:きりさく,33:ジャイロボール,37:すなあらし,,,,,,,,,
28,サンドパン,1:ひっかく,1:まるくなる,1:すなかけ,3:まるくなる,7:すなかけ,9:どくばり,13:こうそくスピン,15:スピードスター,19:みだれひっかき,21:ころがる,22:ブレイククロー,28:れんぞくぎり,33:すなじごく,40:きりさく,45:ジャイロボール,52:すなあらし,,,,,,
29,ニドラン♀,1:なきごえ,1:ひっかく,7:しっぽをふる,9:にどげり,13:どくばり,19:みだれひっかき,21:かみつく,25:てだすけ,31:どくびし,33:おだてる,37:かみくだく,43:ゆうわく,45:どくどくのキバ,,,,,,,,,
30,ニドリーナ,1:なきごえ,1:ひっかく,7:しっぽをふる,9:にどげり,13:どくばり,20:みだれひっかき,23:かみつく,28:てだすけ,35:どくびし,38:おだてる,43:かみくだく,50:ゆうわく,58:どくどくのキバ,,,,,,,,,
31,ニドクイン,1:ひっかく,1:しっぽをふる,1:にどげり,1:どくばり,23:なしくずし,35:のしかかり,43:だいちのちから,58:ばかぢから,,,,,,,,,,,,,,
32,ニドラン♂,1:にらみつける,1:つつく,7:きあいだめ,9:にどげり,13:どくばり,19:みだれづき,21:つのでつく,25:てだすけ,31:どくびし,33:おだてる,37:どくづき,43:ゆうわく,45:つのドリル,,,,,,,,,
33,ニドリーノ,1:にらみつける,1:つつく,7:きあいだめ,9:にどげり,13:どくばり,20:みだれづき,23:つのでつく,28:てだすけ,35:どくびし,38:おだてる,43:どくづき,50:ゆうわく,58:つのドリル,,,,,,,,,
34,ニドキング,1:つつく,1:きあいだめ,1:にどげり,1:どくばり,23:なしくずし,35:あばれる,43:だいちのちから,58:メガホーン,,,,,,,,,,,,,,
35,ピッピ,1:はたく,1:なきごえ,4:アンコール,7:うたう,10:おうふくビンタ,13:まるくなる,16:このゆびとまれ,19:ちいさくなる,22:めざましビンタ,25:ギフトパス,28:コスモパワー,31:おまじない,34:ゆびをふる,37:じゅうりょく,40:つきのひかり,43:アシストパワー,46:ひかりのかべ,49:いやしのねがい,52:おさきにどうぞ,55:コメットパンチ,,
36,ピクシー,1:うたう,1:おうふくビンタ,1:ちいさくなる,1:ゆびをふる,,,,,,,,,,,,,,,,,,
37,ロコン,1:ひのこ,4:しっぽをふる,7:ほえる,11:でんこうせっか,14:ほのおのうず,17:あやしいひかり,21:ふういん,24:はじけるほのお,27:しんぴのまもり,31:おにび,34:しっぺがえし,37:かえんほうしゃ,41:ゆうわく,44:れんごく,47:おんねん,51:じんつうりき,54:だいもんじ,,,,,
38,キュウコン,1:わるだくみ,1:ひのこ,1:でんこうせっか,1:あやしいひかり,1:しんぴのまもり,,,,,,,,,,,,,,,,,
39,プリン,1:うたう,5:まるくなる,9:はたく,13:かなしばり,17:りんしょう,21:ころがる,25:おうふくビンタ,29:ねむる,33:のしかかり,37:ジャイロボール,41:めざましビンタ,45:ものまね,49:ハイパーボイス,53:すてみタックル,,,,,,,,
40,プクリン,1:うたう,1:かなしばり,1:まるくなる,1:おうふくビンタ,,,,,,,,,,,,,,,,,,
41,ズバット,1:きゅうけつ,5:ちょうおんぱ,9:おどろかす,13:かみつく,17:つばさでうつ,21:あやしいひかり,25:エアカッター,29:くろいまなざし,33:アクロバット,37:どくどくのキバ,41:くろいきり,45:エアスラッシュ,,,,,,,,,,
42,ゴルバット,1:いやなおと,1:きゅうけつ,1:ちょうおんぱ,1:おどろかす,5:ちょうおんぱ,9:おどろかす,13:かみつく,17:つばさでうつ,21:あやしいひかり,27:エアカッター,33:くろいまなざし,39:アクロバット,45:どくどくのキバ,51:くろいきり,57:エアスラッシュ,,,,,,,
43,ナゾノクサ,1:すいとる,5:あまいかおり,9:ようかいえき,13:どくのこな,15:しびれごな,17:ねむりごな,21:メガドレイン,25:おまじない,29:しぜんのめぐみ,33:つきのひかり,37:ギガドレイン,41:はなびらのまい,,,,,,,,,,
44,クサイハナ,1:すいとる,1:あまいかおり,1:ようかいえき,5:あまいかおり,9:ようかいえき,13:どくのこな,15:しびれごな,17:ねむりごな,23:メガドレイン,29:おまじない,35:しぜんのめぐみ,41:つきのひかり,47:ギガドレイン,53:はなびらのまい,,,,,,,,
45,ラフレシア,1:メガドレイン,1:アロマセラピー,1:しびれごな,1:どくのこな,53:はなびらのまい,65:ソーラービーム,,,,,,,,,,,,,,,,
46,パラス,1:ひっかく,6:しびれごな,6:どくのこな,11:きゅうけつ,17:れんぞくぎり,22:キノコのほうし,27:きりさく,33:せいちょう,38:ギガドレイン,43:アロマセラピー,49:いかりのこな,54:シザークロス,,,,,,,,,,
47,パラセクト,1:クロスポイズン,1:ひっかく,1:しびれごな,1:どくのこな,1:きゅうけつ,6:しびれごな,6:どくのこな,11:きゅうけつ,17:れんぞくぎり,22:キノコのほうし,29:きりさく,37:せいちょう,44:ギガドレイン,51:アロマセラピー,59:いかりのこな,66:シザークロス,,,,,,
48,コンパン,1:たいあたり,1:かなしばり,1:みやぶる,5:ちょうおんぱ,11:ねんりき,13:どくのこな,17:きゅうけつ,23:しびれごな,25:サイケこうせん,29:ねむりごな,35:シグナルビーム,37:しねんのずつき,41:どくどくのキバ,47:サイコキネシス,,,,,,,,
49,モルフォン,1:ぎんいろのかぜ,1:たいあたり,1:かなしばり,1:みやぶる,1:ちょうおんぱ,5:ちょうおんぱ,11:ねんりき,13:どくのこな,17:きゅうけつ,23:しびれごな,25:サイケこうせん,29:ねむりごな,31:かぜおこし,37:シグナルビーム,41:しねんのずつき,47:どくどくのキバ,55:サイコキネシス,59:むしのさざめき,63:ちょうのまい,,,
50,ディグダ,1:ひっかく,1:すなかけ,4:なきごえ,7:おどろかす,12:どろかけ,15:マグニチュード,18:じならし,23:ふいうち,26:どろばくだん,29:だいちのちから,34:あなをほる,37:きりさく,40:じしん,45:じわれ,,,,,,,,
51,ダグトリオ,1:つじぎり,1:トライアタック,1:ひっかく,1:すなかけ,1:なきごえ,4:なきごえ,7:おどろかす,12:どろかけ,15:マグニチュード,18:じならし,23:ふいうち,26:すなじごく,28:どろばくだん,33:だいちのちから,40:あなをほる,45:きりさく,50:じしん,57:じわれ,,,,
52,ニャース,1:ひっかく,1:なきごえ,6:かみつく,9:ねこだまし,14:みだれひっかき,17:いやなおと,22:だましうち,25:ちょうはつ,30:ネコにこばん,33:きりさく,38:わるだくみ,41:ダメおし,46:ゆうわく,49:つじぎり,54:フェイント,,,,,,,
53,ペルシアン,1:すりかえ,1:ひっかく,1:なきごえ,1:かみつく,1:ねこだまし,6:かみつく,9:ねこだまし,14:みだれひっかき,17:いやなおと,22:だましうち,25:ちょうはつ,32:パワージェム,37:きりさく,44:わるだくみ,49:ダメおし,56:ゆうわく,61:つじぎり,68:フェイント,,,,
54,コダック,1:みずあそび,1:ひっかく,5:しっぽをふる,9:みずでっぽう,14:かなしばり,18:ねんりき,22:みずのはどう,27:みだれひっかき,31:いやなおと,35:みずびたし,40:じこあんじ,44:しねんのずつき,48:ドわすれ,53:ハイドロポンプ,57:ワンダールーム,,,,,,,
55,ゴルダック,1:アクアジェット,1:みずあそび,1:ひっかく,1:しっぽをふる,1:みずでっぽう,5:しっぽをふる,9:みずでっぽう,14:かなしばり,18:ねんりき,22:みずのはどう,27:みだれひっかき,31:いやなおと,37:みずびたし,44:じこあんじ,50:しねんのずつき,56:ドわすれ,63:ハイドロポンプ,69:ワンダールーム,,,,
56,マンキー,1:ほしがる,1:ひっかく,1:けたぐり,1:にらみつける,1:きあいだめ,9:みだれひっかき,13:からてチョップ,17:ちきゅうなげ,21:いやなおと,25:ダメおし,33:いばる,37:クロスチョップ,41:あばれる,45:おしおき,49:インファイト,53:いのちがけ,,,,,,
57,オコリザル,1:なげつける,1:ひっかく,1:けたぐり,1:にらみつける,1:きあいだめ,9:みだれひっかき,13:からてチョップ,17:ちきゅうなげ,21:いやなおと,25:ダメおし,28:いかり,35:いばる,41:クロスチョップ,47:あばれる,53:おしおき,59:インファイト,63:いのちがけ,,,,,
58,ガーディ,1:かみつく,1:ほえる,6:ひのこ,9:にらみつける,14:かぎわける,17:てだすけ,20:かえんぐるま,25:きしかいせい,28:ほのおのキバ,31:はじけるほのお,34:とっしん,39:かえんほうしゃ,42:こうそくいどう,45:かみくだく,48:かたきうち,51:ねっぷう,56:フレアドライブ,,,,,
59,ウインディ,1:かみなりのキバ,1:かみつく,1:ほえる,1:ほのおのキバ,1:かぎわける,39:しんそく,,,,,,,,,,,,,,,,
60,ニョロモ,1:みずあそび,5:あわ,8:さいみんじゅつ,11:みずでっぽう,15:おうふくビンタ,18:あまごい,21:のしかかり,25:バブルこうせん,28:マッドショット,31:はらだいこ,35:めざましビンタ,38:ハイドロポンプ,41:どろばくだん,,,,,,,,,
61,ニョロゾ,1:みずあそび,1:あわ,1:さいみんじゅつ,5:あわ,8:さいみんじゅつ,11:みずでっぽう,15:おうふくビンタ,18:あまごい,21:のしかかり,27:バブルこうせん,32:マッドショット,37:はらだいこ,43:めざましビンタ,48:ハイドロポンプ,53:どろばくだん,,,,,,,
62,ニョロボン,1:バブルこうせん,1:さいみんじゅつ,1:おうふくビンタ,1:じごくぐるま,32:ばくれつパンチ,43:こころのめ,53:ともえなげ,,,,,,,,,,,,,,,
63,ケーシィ,1:テレポート,,,,,,,,,,,,,,,,,,,,,
64,ユンゲラー,1:テレポート,1:スプーンまげ,1:ねんりき,16:ねんりき,18:かなしばり,22:ミラクルアイ,24:サイドチェンジ,28:サイケこうせん,30:リフレクター,34:テレキネシス,36:じこさいせい,40:サイコカッター,42:なりきり,46:サイコキネシス,48:みらいよち,52:トリック,,,,,,
65,フーディン,1:テレポート,1:スプーンまげ,1:ねんりき,16:ねんりき,18:かなしばり,22:ミラクルアイ,24:サイドチェンジ,28:サイケこうせん,30:リフレクター,34:テレキネシス,36:じこさいせい,40:サイコカッター,42:めいそう,46:サイコキネシス,48:みらいよち,52:トリック,,,,,,
66,ワンリキー,1:けたぐり,1:にらみつける,7:きあいだめ,10:からてチョップ,13:ローキック,19:みやぶる,22:ちきゅうなげ,25:リベンジ,31:あてみなげ,34:じごくぐるま,37:めざましビンタ,43:クロスチョップ,46:こわいかお,49:ばくれつパンチ,,,,,,,,
67,ゴーリキー,1:けたぐり,1:にらみつける,1:きあいだめ,1:からてチョップ,7:きあいだめ,10:からてチョップ,13:ローキック,19:みやぶる,22:ちきゅうなげ,25:リベンジ,32:あてみなげ,36:じごくぐるま,40:めざましビンタ,44:クロスチョップ,51:こわいかお,55:ばくれつパンチ,,,,,,
68,カイリキー,1:ワイドガード,1:けたぐり,1:にらみつける,1:きあいだめ,1:からてチョップ,7:きあいだめ,10:からてチョップ,13:ローキック,19:みやぶる,22:ちきゅうなげ,25:リベンジ,32:あてみなげ,36:じごくぐるま,40:めざましビンタ,44:クロスチョップ,51:こわいかお,55:ばくれつパンチ,,,,,
69,マダツボミ,1:つるのムチ,7:せいちょう,11:まきつく,13:ねむりごな,15:どくのこな,17:しびれごな,23:ようかいえき,27:はたきおとす,29:あまいかおり,35:いえき,39:はっぱカッター,41:たたきつける,47:しぼりとる,,,,,,,,,
70,ウツドン,1:つるのムチ,1:せいちょう,1:まきつく,7:せいちょう,11:まきつく,13:ねむりごな,15:どくのこな,17:しびれごな,23:ようかいえき,27:はたきおとす,29:あまいかおり,35:いえき,39:はっぱカッター,41:たたきつける,47:しぼりとる,,,,,,,
71,ウツボット,1:たくわえる,1:のみこむ,1:はきだす,1:つるのムチ,1:ねむりごな,1:あまいかおり,1:はっぱカッター,27:グラスミキサー,47:リーフストーム,47:リーフブレード,,,,,,,,,,,,
72,メノクラゲ,1:どくばり,5:ちょうおんぱ,8:からみつく,12:ようかいえき,15:どくびし,19:バブルこうせん,22:まきつく,26:アシッドボム,29:バリアー,33:みずのはどう,36:どくづき,40:いやなおと,43:たたりめ,47:ハイドロポンプ,50:ヘドロウェーブ,54:しぼりとる,,,,,,
73,ドククラゲ,1:どくばり,1:ちょうおんぱ,1:からみつく,5:ちょうおんぱ,8:からみつく,12:ようかいえき,15:どくびし,19:バブルこうせん,22:まきつく,26:アシッドボム,29:バリアー,34:みずのはどう,38:どくづき,43:いやなおと,47:たたりめ,52:ハイドロポンプ,56:ヘドロウェーブ,61:しぼりとる,,,,
74,イシツブテ,1:たいあたり,1:まるくなる,4:どろあそび,8:ロックカット,11:いわおとし,15:マグニチュード,18:ころがる,22:ロックブラスト,25:うちおとす,29:じばく,32:じならし,36:ステルスロック,39:じしん,43:だいばくはつ,46:すてみタックル,50:ストーンエッジ,,,,,,
75,ゴローン,1:たいあたり,1:まるくなる,1:どろあそび,1:ロックカット,4:どろあそび,8:ロックカット,11:いわおとし,15:マグニチュード,18:ころがる,22:ロックブラスト,27:うちおとす,31:じばく,36:じならし,42:ステルスロック,47:じしん,53:だいばくはつ,58:すてみタックル,64:ストーンエッジ,,,,
76,ゴローニャ,1:たいあたり,1:まるくなる,1:どろあそび,1:ロックカット,4:どろあそび,8:ロックカット,11:いわおとし,15:マグニチュード,18:ハードローラー,22:ロックブラスト,27:うちおとす,31:じばく,36:じならし,42:ステルスロック,47:じしん,53:だいばくはつ,58:すてみタックル,64:ストーンエッジ,69:ヘビーボンバー,,,
77,ポニータ,1:なきごえ,1:たいあたり,4:しっぽをふる,9:ひのこ,13:かえんぐるま,17:ふみつけ,21:ニトロチャージ,25:ほのおのうず,29:とっしん,33:れんごく,37:こうそくいどう,41:だいもんじ,45:とびはねる,49:フレアドライブ,,,,,,,,
78,ギャロップ,1:どくづき,1:メガホーン,1:なきごえ,1:でんこうせっか,1:しっぽをふる,1:ひのこ,4:しっぽをふる,9:ひのこ,13:かえんぐるま,17:ふみつけ,21:ニトロチャージ,25:ほのおのうず,29:とっしん,33:れんごく,37:こうそくいどう,40:みだれづき,41:だいもんじ,45:とびはねる,49:フレアドライブ,,,
79,ヤドン,1:のろい,1:あくび,1:たいあたり,5:なきごえ,9:みずでっぽう,14:ねんりき,19:かなしばり,23:ずつき,28:みずのはどう,32:しねんのずつき,36:なまける,41:ドわすれ,45:サイコキネシス,49:あまごい,54:じこあんじ,58:いやしのはどう,,,,,,
80,ヤドラン,1:のろい,1:あくび,1:たいあたり,1:なきごえ,5:なきごえ,9:みずでっぽう,14:ねんりき,19:かなしばり,23:ずつき,28:みずのはどう,32:しねんのずつき,36:なまける,37:からにこもる,43:ドわすれ,49:サイコキネシス,55:あまごい,62:じこあんじ,68:いやしのはどう,,,,
81,コイル,1:きんぞくおん,1:たいあたり,6:でんきショック,11:ちょうおんぱ,14:ソニックブーム,17:でんじは,22:スパーク,27:エレキボール,30:ロックオン,33:マグネットボム,38:いやなおと,43:ほうでん,46:ミラーショット,49:でんじふゆう,54:ジャイロボール,59:でんじほう,,,,,,
82,レアコイル,1:トライアタック,1:きんぞくおん,1:たいあたり,1:でんきショック,1:ちょうおんぱ,6:でんきショック,11:ちょうおんぱ,14:ソニックブーム,17:でんじは,22:スパーク,27:エレキボール,30:ロックオン,34:マグネットボム,40:いやなおと,46:ほうでん,50:ミラーショット,54:でんじふゆう,60:ジャイロボール,66:でんじほう,,,
83,カモネギ,1:どくづき,1:つつく,1:すなかけ,1:にらみつける,1:れんぞくぎり,7:みだれづき,9:はたきおとす,13:つばめがえし,19:きりさく,21:エアカッター,25:つるぎのまい,31:こうそくいどう,33:つじぎり,37:アクロバット,43:フェイント,45:みねうち,49:エアスラッシュ,55:ブレイブバード,,,,
84,ドードー,1:つつく,1:なきごえ,5:でんこうせっか,10:いかり,14:みだれづき,19:おいうち,23:さわぐ,28:つぼをつく,32:ダブルアタック,37:こうそくいどう,41:ドリルくちばし,46:がむしゃら,50:あばれる,,,,,,,,,
85,ドードリオ,1:ついばむ,1:つつく,1:なきごえ,1:でんこうせっか,1:いかり,5:でんこうせっか,10:いかり,14:みだれづき,19:おいうち,23:さわぐ,28:つぼをつく,34:トライアタック,41:こうそくいどう,47:ドリルくちばし,54:がむしゃら,60:あばれる,,,,,,
86,パウワウ,1:ずつき,3:なきごえ,7:みずあそび,11:こごえるかぜ,13:アンコール,17:こおりのつぶて,21:ねむる,23:アクアリング,27:オーロラビーム,31:アクアジェット,33:しおみず,37:とっしん,41:ダイビング,43:アクアテール,47:れいとうビーム,51:しんぴのまもり,53:あられ,,,,,
87,ジュゴン,1:ずつき,1:なきごえ,1:シグナルビーム,1:こごえるかぜ,3:なきごえ,7:シグナルビーム,11:こごえるかぜ,13:アンコール,17:こおりのつぶて,21:ねむる,23:アクアリング,27:オーロラビーム,31:アクアジェット,33:しおみず,34:ぜったいれいど,39:とっしん,45:ダイビング,49:アクアテール,55:れいとうビーム,61:しんぴのまもり,65:あられ,
88,ベトベター,1:どくガス,1:はたく,4:かたくなる,7:どろかけ,12:かなしばり,17:ちいさくなる,20:ヘドロこうげき,23:どろばくだん,28:なげつける,33:いやなおと,36:ヘドロばくだん,39:とける,44:ヘドロウェーブ,49:ダストシュート,52:おきみやげ,,,,,,,
89,ベトベトン,1:どくガス,1:はたく,1:かたくなる,1:どろかけ,4:かたくなる,7:どろかけ,12:かなしばり,17:ちいさくなる,20:ヘドロこうげき,23:どろばくだん,28:なげつける,33:いやなおと,36:ヘドロばくだん,42:とける,50:ヘドロウェーブ,58:ダストシュート,64:おきみやげ,,,,,
90,シェルダー,1:たいあたり,4:からにこもる,8:ちょうおんぱ,13:つららばり,16:まもる,20:にらみつける,25:からではさむ,28:こおりのつぶて,32:シェルブレード,37:オーロラビーム,40:うずしお,44:しおみず,49:てっぺき,52:れいとうビーム,56:からをやぶる,61:ハイドロポンプ,,,,,,
91,パルシェン,1:どくびし,1:からにこもる,1:ちょうおんぱ,1:まもる,1:オーロラビーム,13:とげキャノン,28:まきびし,52:つららおとし,,,,,,,,,,,,,,
92,ゴース,1:さいみんじゅつ,1:したでなめる,5:うらみ,8:くろいまなざし,12:のろい,15:ナイトヘッド,19:あやしいひかり,22:ふいうち,26:しっぺがえし,29:シャドーボール,33:ゆめくい,36:あくのはどう,40:みちづれ,43:たたりめ,47:あくむ,,,,,,,
93,ゴースト,1:さいみんじゅつ,1:したでなめる,1:うらみ,5:うらみ,8:くろいまなざし,12:のろい,15:ナイトヘッド,19:あやしいひかり,22:ふいうち,25:シャドーパンチ,28:しっぺがえし,33:シャドーボール,39:ゆめくい,44:あくのはどう,50:みちづれ,55:たたりめ,61:あくむ,,,,,
94,ゲンガー,1:さいみんじゅつ,1:したでなめる,1:うらみ,5:うらみ,8:くろいまなざし,12:のろい,15:ナイトヘッド,19:あやしいひかり,22:ふいうち,25:シャドーパンチ,28:しっぺがえし,33:シャドーボール,39:ゆめくい,44:あくのはどう,50:みちづれ,55:たたりめ,61:あくむ,,,,,
95,イワーク,1:どろあそび,1:たいあたり,1:かたくなる,1:しめつける,6:いやなおと,9:いわおとし,14:いかり,17:がんせきふうじ,22:うちおとす,25:すなあらし,30:ロックカット,33:たたきつける,38:ステルスロック,41:りゅうのいぶき,46:のろい,49:アイアンテール,54:すなじごく,57:すてみタックル,62:ストーンエッジ,,,
96,スリープ,1:はたく,1:さいみんじゅつ,5:かなしばり,9:ねんりき,13:ずつき,17:どくガス,21:ヨガのポーズ,25:サイケこうせん,29:ずつき,33:じこあんじ,37:シンクロノイズ,41:しねんのずつき,45:いばる,49:サイコキネシス,53:わるだくみ,57:サイコショック,61:みらいよち,,,,,
97,スリーパー,1:あくむ,1:すりかえ,1:はたく,1:さいみんじゅつ,1:かなしばり,1:ねんりき,5:かなしばり,9:ねんりき,13:ずつき,17:どくガス,21:ヨガのポーズ,25:サイケこうせん,29:ずつき,33:じこあんじ,37:シンクロノイズ,41:しねんのずつき,45:いばる,49:サイコキネシス,53:わるだくみ,57:サイコショック,61:みらいよち,
98,クラブ,1:どろあそび,1:あわ,5:はさむ,9:にらみつける,11:かたくなる,15:バブルこうせん,19:マッドショット,21:メタルクロー,25:ふみつけ,29:まもる,31:ハサミギロチン,35:たたきつける,39:しおみず,41:クラブハンマー,45:じたばた,,,,,,,
99,キングラー,1:ワイドガード,1:どろあそび,1:あわ,1:はさむ,1:にらみつける,5:はさむ,9:にらみつける,11:かたくなる,15:バブルこうせん,19:マッドショット,21:メタルクロー,25:ふみつけ,32:まもる,37:ハサミギロチン,44:たたきつける,51:しおみず,56:クラブハンマー,63:じたばた,,,,
100,ビリリダマ,1:じゅうでん,5:たいあたり,8:ソニックブーム,12:スパーク,15:ころがる,19:いやなおと,22:チャージビーム,26:ひかりのかべ,29:エレキボール,33:じばく,36:スピードスター,40:でんじふゆう,43:ジャイロボール,47:だいばくはつ,50:ミラーコート,,,,,,,
101,マルマイン,1:じゅうでん,1:たいあたり,1:ソニックブーム,1:スパーク,5:たいあたり,8:ソニックブーム,12:スパーク,15:ころがる,19:いやなおと,22:チャージビーム,26:ひかりのかべ,29:エレキボール,35:じばく,40:スピードスター,46:でんじふゆう,51:ジャイロボール,57:だいばくはつ,62:ミラーコート,,,,
102,タマタマ,1:たまなげ,1:さわぐ,1:さいみんじゅつ,7:リフレクター,11:やどりぎのタネ,17:タネマシンガン,19:しびれごな,21:どくのこな,23:ねむりごな,27:ねんりき,33:なやみのタネ,37:しぜんのめぐみ,43:ソーラービーム,47:サイコキネシス,53:ギフトパス,,,,,,,
103,ナッシー,1:タネばくだん,1:たまなげ,1:さいみんじゅつ,1:ねんりき,1:ふみつけ,17:サイコショック,27:タマゴばくだん,37:ウッドハンマー,47:リーフストーム,,,,,,,,,,,,,
104,カラカラ,1:なきごえ,3:しっぽをふる,7:ホネこんぼう,11:ずつき,13:にらみつける,17:きあいだめ,21:ホネブーメラン,23:いかり,27:みねうち,31:あばれる,33:なげつける,37:ボーンラッシュ,41:がむしゃら,43:すてみタックル,47:かたきうち,,,,,,,
105,ガラガラ,1:なきごえ,1:しっぽをふる,1:ホネこんぼう,1:ずつき,3:しっぽをふる,7:ホネこんぼう,11:ずつき,13:にらみつける,17:きあいだめ,21:ホネブーメラン,23:いかり,27:みねうち,33:あばれる,37:なげつける,43:ボーンラッシュ,49:がむしゃら,53:すてみタックル,59:かたきうち,,,,
106,サワムラー,1:リベンジ,1:にどげり,5:ヨガのポーズ,9:まわしげり,13:とびげり,17:かわらわり,21:きあいだめ,25:フェイント,29:とびひざげり,33:こころのめ,37:みやぶる,41:ワイドガード,45:ブレイズキック,49:こらえる,53:メガトンキック,57:インファイト,61:きしかいせい,,,,,
107,エビワラー,1:リベンジ,1:れんぞくパンチ,6:こうそくいどう,11:おいうち,16:マッハパンチ,16:バレットパンチ,21:フェイント,26:しんくうは,31:ファストガード,36:かみなりパンチ,36:れいとうパンチ,36:ほのおのパンチ,41:スカイアッパー,46:メガトンパンチ,51:みきり,56:きあいパンチ,61:カウンター,66:インファイト,,,,
108,ベロリンガ,1:したでなめる,5:ちょうおんぱ,9:まるくなる,13:はたきおとす,17:まきつく,21:ふみつけ,25:かなしばり,29:たたきつける,33:ころがる,37:なしくずし,41:さきどり,45:リフレッシュ,49:いやなおと,53:パワーウィップ,57:しぼりとる,,,,,,,
109,ドガース,1:どくガス,1:たいあたり,6:スモッグ,10:えんまく,15:ダメおし,19:クリアスモッグ,24:じばく,28:ヘドロこうげき,33:くろいきり,37:ジャイロボール,42:だいばくはつ,46:ヘドロばくだん,51:みちづれ,55:おきみやげ,,,,,,,,
110,マタドガス,1:どくガス,1:たいあたり,1:スモッグ,1:えんまく,6:スモッグ,10:えんまく,15:ダメおし,19:クリアスモッグ,24:じばく,28:ヘドロこうげき,33:くろいきり,39:ダブルアタック,46:だいばくはつ,52:ヘドロばくだん,59:みちづれ,65:おきみやげ,,,,,,
111,サイホーン,1:つのでつく,1:しっぽをふる,8:ふみつけ,12:みだれづき,19:こわいかお,23:ロックブラスト,30:じならし,34:なしくずし,41:とっしん,45:ドリルライナー,52:ストーンエッジ,56:じしん,63:つのドリル,67:メガホーン,,,,,,,,
112,サイドン,1:つのでつく,1:しっぽをふる,1:ふみつけ,1:みだれづき,9:ふみつけ,12:みだれづき,19:こわいかお,23:ロックブラスト,30:じならし,34:なしくずし,41:とっしん,42:アームハンマー,47:ドリルライナー,56:ストーンエッジ,62:じしん,71:つのドリル,77:メガホーン,,,,,
113,ラッキー,1:まるくなる,1:はたく,1:なきごえ,5:しっぽをふる,9:リフレッシュ,12:おうふくビンタ,16:タマゴうみ,20:ギフトパス,23:ちいさくなる,27:とっしん,31:うたう,34:なげつける,38:いやしのはどう,42:タマゴばくだん,46:ひかりのかべ,50:いやしのねがい,54:すてみタックル,,,,,
114,モンジャラ,1:ねをはる,1:からみつく,5:ねむりごな,8:すいとる,12:せいちょう,15:どくのこな,19:つるのムチ,22:しめつける,26:メガドレイン,29:しびれごな,33:はたきおとす,36:げんしのちから,40:しぜんのめぐみ,43:たたきつける,47:くすぐる,50:しぼりとる,54:パワーウィップ,,,,,
115,ガルーラ,1:れんぞくパンチ,1:にらみつける,7:ねこだまし,10:しっぽをふる,13:かみつく,19:ダブルアタック,22:いかり,25:メガトンパンチ,31:なしくずし,34:ピヨピヨパンチ,37:かみくだく,43:こらえる,46:げきりん,49:ふいうち,55:きしかいせい,,,,,,,
116,タッツー,1:あわ,4:えんまく,8:にらみつける,11:みずでっぽう,14:きあいだめ,18:バブルこうせん,23:こうそくいどう,26:たつまき,30:しおみず,35:ハイドロポンプ,38:りゅうのまい,42:りゅうのはどう,,,,,,,,,,
117,シードラ,1:あわ,1:えんまく,1:にらみつける,1:みずでっぽう,4:えんまく,8:にらみつける,11:みずでっぽう,14:きあいだめ,18:バブルこうせん,23:こうそくいどう,26:たつまき,30:しおみず,40:ハイドロポンプ,48:りゅうのまい,57:りゅうのはどう,,,,,,,
118,トサキント,1:つつく,1:しっぽをふる,1:みずあそび,7:ちょうおんぱ,11:つのでつく,17:みずのはどう,21:じたばた,27:アクアリング,31:みだれづき,37:たきのぼり,41:つのドリル,47:こうそくいどう,51:みずびたし,57:メガホーン,,,,,,,,
119,アズマオウ,1:どくづき,1:つつく,1:しっぽをふる,1:みずあそび,1:ちょうおんぱ,7:ちょうおんぱ,11:つのでつく,17:みずのはどう,21:じたばた,27:アクアリング,31:みだれづき,40:たきのぼり,47:つのドリル,56:こうそくいどう,63:みずびたし,72:メガホーン,,,,,,
120,ヒトデマン,1:たいあたり,1:かたくなる,6:みずでっぽう,10:こうそくスピン,15:じこさいせい,19:ほごしょく,24:スピードスター,28:バブルこうせん,33:ちいさくなる,37:ジャイロボール,42:ひかりのかべ,46:ミラータイプ,51:パワージェム,55:コスモパワー,60:ハイドロポンプ,,,,,,,
121,スターミー,1:みずでっぽう,1:こうそくスピン,1:じこさいせい,1:スピードスター,28:あやしいひかり,,,,,,,,,,,,,,,,,
122,バリヤード,1:マジカルリーフ,1:ファストガード,1:ワイドガード,1:パワースワップ,1:ガードスワップ,1:バリアー,1:ねんりき,4:まねっこ,8:ヨガのポーズ,11:アンコール,15:おうふくビンタ,18:ものまね,22:ひかりのかべ,22:リフレクター,25:サイケこうせん,29:みがわり,32:リサイクル,36:トリック,39:サイコキネシス,43:なりきり,46:バトンタッチ,50:しんぴのまもり
123,ストライク,1:しんくうは,1:でんこうせっか,1:にらみつける,5:きあいだめ,9:おいうち,13:みねうち,17:こうそくいどう,21:つばさでうつ,25:れんぞくぎり,29:きりさく,33:かまいたち,37:かげぶんしん,41:シザークロス,45:つじぎり,49:ダブルアタック,53:エアスラッシュ,57:つるぎのまい,61:フェイント,,,,
124,ルージュラ,1:はたく,1:したでなめる,1:あくまのキッス,1:こなゆき,5:したでなめる,8:あくまのキッス,11:こなゆき,15:おうふくビンタ,18:れいとうパンチ,21:ハートスタンプ,25:くろいまなざし,28:うそなき,33:めざましビンタ,39:ゆきなだれ,44:のしかかり,49:しぼりとる,55:ほろびのうた,60:ふぶき,,,,
125,エレブー,1:でんこうせっか,1:にらみつける,1:でんきショック,6:でんきショック,11:けたぐり,16:スピードスター,21:でんげきは,26:ひかりのかべ,32:エレキボール,38:かみなりパンチ,44:ほうでん,50:１０まんボルト,56:いやなおと,62:かみなり,,,,,,,,
126,ブーバー,1:スモッグ,1:にらみつける,1:ひのこ,6:ひのこ,11:えんまく,16:だましうち,21:ほのおのうず,26:あやしいひかり,32:はじけるほのお,38:ほのおのパンチ,44:ふんえん,50:かえんほうしゃ,56:にほんばれ,62:だいもんじ,,,,,,,,
127,カイロス,1:はさむ,1:きあいだめ,4:しめつける,8:ちきゅうなげ,13:かたくなる,18:リベンジ,21:かわらわり,25:あてみなげ,30:シザークロス,35:あばれる,38:つるぎのまい,42:じごくぐるま,47:ハサミギロチン,52:ばかぢから,,,,,,,,
128,ケンタロス,1:たいあたり,3:しっぽをふる,5:いかり,8:つのでつく,11:こわいかお,15:おいうち,19:ねむる,24:しっぺがえし,29:ふるいたてる,35:しねんのずつき,41:とっしん,48:いばる,55:あばれる,63:ギガインパクト,,,,,,,,
129,コイキング,1:はねる,15:たいあたり,30:じたばた,,,,,,,,,,,,,,,,,,,
130,ギャラドス,1:あばれる,20:かみつく,23:りゅうのいかり,26:にらみつける,29:たつまき,32:こおりのキバ,35:アクアテール,38:あまごい,41:ハイドロポンプ,44:りゅうのまい,47:はかいこうせん,,,,,,,,,,,
131,ラプラス,1:うたう,1:なきごえ,1:みずでっぽう,4:しろいきり,7:あやしいひかり,10:こおりのつぶて,14:みずのはどう,18:のしかかり,22:あまごい,27:ほろびのうた,32:れいとうビーム,37:しおみず,43:しんぴのまもり,49:ハイドロポンプ,55:ぜったいれいど,,,,,,,
132,メタモン,1:へんしん,,,,,,,,,,,,,,,,,,,,,
133,イーブイ,1:しっぽをふる,1:たいあたり,1:てだすけ,8:すなかけ,15:なきごえ,22:でんこうせっか,29:かみつく,36:バトンタッチ,43:とっしん,50:とっておき,57:きりふだ,,,,,,,,,,,
134,シャワーズ,1:しっぽをふる,1:たいあたり,1:てだすけ,8:すなかけ,15:みずでっぽう,22:でんこうせっか,29:かみつく,36:オーロラビーム,43:アクアリング,50:とっておき,57:くろいきり,64:とける,71:ハイドロポンプ,78:だくりゅう,,,,,,,,
135,サンダース,1:しっぽをふる,1:たいあたり,1:てだすけ,8:すなかけ,15:でんきショック,22:でんこうせっか,29:にどげり,36:ミサイルばり,43:かみなりのキバ,50:とっておき,57:でんじは,64:こうそくいどう,71:かみなり,78:ほうでん,,,,,,,,
136,ブースター,1:しっぽをふる,1:たいあたり,1:てだすけ,8:すなかけ,15:ひのこ,22:でんこうせっか,29:かみつく,36:ほのおのうず,43:ほのおのキバ,50:とっておき,57:スモッグ,64:こわいかお,71:だいもんじ,78:ふんえん,,,,,,,,
137,ポリゴン,1:テクスチャー２,1:たいあたり,1:テクスチャー,1:かくばる,7:サイケこうせん,12:こうそくいどう,18:じこさいせい,23:でんじふゆう,29:シグナルビーム,34:リサイクル,40:ほうでん,45:ロックオン,51:トライアタック,56:マジックコート,62:でんじほう,,,,,,,
138,オムナイト,1:からみつく,1:からにこもる,7:かみつく,10:みずでっぽう,16:ころがる,19:にらみつける,25:マッドショット,28:しおみず,34:まもる,37:げんしのちから,43:くすぐる,46:ロックブラスト,52:からをやぶる,55:ハイドロポンプ,,,,,,,,
139,オムスター,1:からみつく,1:からにこもる,1:かみつく,7:かみつく,10:みずでっぽう,16:ころがる,19:にらみつける,25:マッドショット,28:しおみず,34:まもる,37:げんしのちから,40:とげキャノン,48:くすぐる,56:ロックブラスト,67:からをやぶる,75:ハイドロポンプ,,,,,,
140,カブト,1:ひっかく,1:かたくなる,6:すいとる,11:にらみつける,16:マッドショット,21:すなかけ,26:こらえる,31:アクアジェット,36:メガドレイン,41:きんぞくおん,46:げんしのちから,51:しぼりとる,,,,,,,,,,
141,カブトプス,1:フェイント,1:ひっかく,1:かたくなる,1:すいとる,1:にらみつける,6:すいとる,11:にらみつける,16:マッドショット,21:すなかけ,26:こらえる,31:アクアジェット,36:メガドレイン,40:きりさく,45:きんぞくおん,54:げんしのちから,63:しぼりとる,72:つじぎり,,,,,
142,プテラ,1:こおりのキバ,1:ほのおのキバ,1:かみなりのキバ,1:つばさでうつ,1:ちょうおんぱ,1:かみつく,1:こわいかお,9:ほえる,17:こうそくいどう,25:げんしのちから,33:かみくだく,41:とっしん,49:フリーフォール,57:アイアンヘッド,65:はかいこうせん,73:いわなだれ,81:ギガインパクト,,,,,
143,カビゴン,1:たいあたり,4:まるくなる,9:ドわすれ,12:したでなめる,17:はらだいこ,20:あくび,25:なしくずし,28:ねむる,28:いびき,33:ねごと,36:のしかかり,41:とおせんぼう,44:ころがる,49:かみくだく,52:ヘビーボンバー,57:ギガインパクト,,,,,,
144,フリーザー,1:かぜおこし,1:こなゆき,8:しろいきり,15:こおりのつぶて,22:こころのめ,29:げんしのちから,36:こうそくいどう,43:れいとうビーム,50:リフレクター,57:はねやすめ,64:おいかぜ,71:ふぶき,78:ぜったいれいど,85:あられ,,,,,,,,
145,サンダー,1:つつく,1:でんきショック,8:でんじは,15:みきり,22:ついばむ,29:げんしのちから,36:じゅうでん,43:こうそくいどう,50:ほうでん,57:はねやすめ,64:ひかりのかべ,71:ドリルくちばし,78:かみなり,85:あまごい,,,,,,,,
146,ファイヤー,1:つばさでうつ,1:ひのこ,8:ほのおのうず,15:こうそくいどう,22:こらえる,29:げんしのちから,36:かえんほうしゃ,43:しんぴのまもり,50:エアスラッシュ,57:はねやすめ,64:ねっぷう,71:ソーラービーム,78:ゴッドバード,85:にほんばれ,,,,,,,,
147,ミニリュウ,1:まきつく,1:にらみつける,5:でんじは,11:たつまき,15:りゅうのいかり,21:たたきつける,25:こうそくいどう,31:ドラゴンテール,35:アクアテール,41:ドラゴンダイブ,45:しんぴのまもり,51:りゅうのまい,55:げきりん,61:はかいこうせん,,,,,,,,
148,ハクリュー,1:まきつく,1:にらみつける,1:でんじは,1:たつまき,5:でんじは,11:たつまき,15:りゅうのいかり,21:たたきつける,25:こうそくいどう,33:ドラゴンテール,39:アクアテール,47:ドラゴンダイブ,53:しんぴのまもり,61:りゅうのまい,67:げきりん,75:はかいこうせん,,,,,,
149,カイリュー,1:ほのおのパンチ,1:かみなりパンチ,1:はねやすめ,1:まきつく,1:にらみつける,1:でんじは,1:たつまき,5:でんじは,11:たつまき,15:りゅうのいかり,21:たたきつける,25:こうそくいどう,33:ドラゴンテール,39:アクアテール,47:ドラゴンダイブ,53:しんぴのまもり,55:つばさでうつ,61:りゅうのまい,67:げきりん,75:はかいこうせん,81:ぼうふう,
150,ミュウツー,1:ねんりき,1:かなしばり,1:バリアー,8:スピードスター,15:みらいよち,22:じこあんじ,29:ミラクルアイ,36:しろいきり,43:サイコカッター,50:ドわすれ,57:パワースワップ,57:ガードスワップ,64:サイコキネシス,71:さきどり,79:じこさいせい,86:しんぴのまもり,93:はどうだん,100:サイコブレイク,,,,
151,ミュウ,1:はたく,1:ミラータイプ,1:へんしん,10:メガトンパンチ,20:ゆびをふる,30:サイコキネシス,40:バリアー,50:げんしのちから,60:ドわすれ,70:さきどり,80:バトンタッチ,90:わるだくみ,100:はどうだん,,,,,,,,,
152,チコリータ,1:たいあたり,1:なきごえ,6:はっぱカッター,9:どくのこな,12:こうごうせい,17:リフレクター,20:マジカルリーフ,23:しぜんのめぐみ,28:あまいかおり,31:ひかりのかべ,34:のしかかり,39:しんぴのまもり,42:アロマセラピー,45:ソーラービーム,,,,,,,,
153,ベイリーフ,1:たいあたり,1:なきごえ,1:はっぱカッター,1:どくのこな,6:はっぱカッター,9:どくのこな,12:こうごうせい,18:リフレクター,22:マジカルリーフ,26:しぜんのめぐみ,32:あまいかおり,36:ひかりのかべ,40:のしかかり,46:しんぴのまもり,50:アロマセラピー,54:ソーラービーム,,,,,,
154,メガニウム,1:たいあたり,1:なきごえ,1:はっぱカッター,1:どくのこな,6:はっぱカッター,9:どくのこな,12:こうごうせい,18:リフレクター,22:マジカルリーフ,26:しぜんのめぐみ,32:はなびらのまい,34:あまいかおり,40:ひかりのかべ,46:のしかかり,54:しんぴのまもり,60:アロマセラピー,66:ソーラービーム,,,,,
155,ヒノアラシ,1:たいあたり,1:にらみつける,6:えんまく,10:ひのこ,13:でんこうせっか,19:かえんぐるま,22:まるくなる,28:ニトロチャージ,31:スピードスター,37:ふんえん,40:かえんほうしゃ,46:れんごく,49:ころがる,55:すてみタックル,58:ふんか,,,,,,,
156,マグマラシ,1:たいあたり,1:にらみつける,1:えんまく,6:えんまく,10:ひのこ,13:でんこうせっか,20:かえんぐるま,24:まるくなる,31:スピードスター,35:ニトロチャージ,42:ふんえん,46:かえんほうしゃ,53:れんごく,57:ころがる,64:すてみタックル,68:ふんか,,,,,,
157,バクフーン,1:ジャイロボール,1:たいあたり,1:にらみつける,1:えんまく,1:ひのこ,6:えんまく,10:ひのこ,13:でんこうせっか,20:かえんぐるま,24:まるくなる,31:スピードスター,35:ニトロチャージ,43:ふんえん,48:かえんほうしゃ,56:れんごく,61:ころがる,69:すてみタックル,74:ふんか,,,,
158,ワニノコ,1:ひっかく,1:にらみつける,6:みずでっぽう,8:いかり,13:かみつく,15:こわいかお,20:こおりのキバ,22:じたばた,27:かみくだく,29:なしくずし,34:きりさく,36:いやなおと,41:あばれる,43:アクアテール,48:ばかぢから,50:ハイドロポンプ,,,,,,
159,アリゲイツ,1:ひっかく,1:にらみつける,1:みずでっぽう,6:みずでっぽう,8:いかり,13:かみつく,15:こわいかお,21:こおりのキバ,24:じたばた,30:かみくだく,33:なしくずし,39:きりさく,42:いやなおと,48:あばれる,51:アクアテール,57:ばかぢから,60:ハイドロポンプ,,,,,
160,オーダイル,1:ひっかく,1:にらみつける,1:みずでっぽう,1:いかり,6:みずでっぽう,8:いかり,13:かみつく,15:こわいかお,21:こおりのキバ,24:じたばた,30:こうそくいどう,32:かみくだく,37:なしくずし,45:きりさく,50:いやなおと,58:あばれる,63:アクアテール,71:ばかぢから,76:ハイドロポンプ,,,
161,オタチ,1:ひっかく,1:みやぶる,4:まるくなる,7:でんこうせっか,13:みだれひっかき,16:てだすけ,19:このゆびとまれ,25:たたきつける,28:ねむる,31:ふいうち,36:ドわすれ,39:バトンタッチ,42:さきどり,47:ハイパーボイス,,,,,,,,
162,オオタチ,1:ひっかく,1:みやぶる,1:まるくなる,1:でんこうせっか,4:まるくなる,7:でんこうせっか,13:みだれひっかき,17:てだすけ,21:このゆびとまれ,28:たたきつける,32:ねむる,36:ふいうち,42:ドわすれ,46:バトンタッチ,50:さきどり,56:ハイパーボイス,,,,,,
163,ホーホー,1:たいあたり,1:なきごえ,1:みやぶる,5:さいみんじゅつ,9:つつく,13:さわぐ,17:リフレクター,21:ねんりき,25:エコーボイス,29:とっしん,33:エアスラッシュ,37:しねんのずつき,41:シンクロノイズ,45:じんつうりき,49:サイコシフト,53:はねやすめ,57:ゆめくい,,,,,
164,ヨルノズク,1:ゴッドバード,1:たいあたり,1:なきごえ,1:みやぶる,1:さいみんじゅつ,5:さいみんじゅつ,9:つつく,13:さわぐ,17:リフレクター,22:ねんりき,27:エコーボイス,32:とっしん,37:エアスラッシュ,42:しねんのずつき,47:シンクロノイズ,52:じんつうりき,57:サイコシフト,62:はねやすめ,67:ゆめくい,,,
165,レディバ,1:たいあたり,6:ちょうおんぱ,9:れんぞくパンチ,14:ひかりのかべ,14:リフレクター,14:しんぴのまもり,17:マッハパンチ,22:バトンタッチ,25:ぎんいろのかぜ,30:こうそくいどう,33:スピードスター,38:すてみタックル,41:むしのさざめき,,,,,,,,,
166,レディアン,1:たいあたり,1:ちょうおんぱ,1:れんぞくパンチ,6:ちょうおんぱ,9:れんぞくパンチ,14:ひかりのかべ,14:リフレクター,14:しんぴのまもり,17:マッハパンチ,24:バトンタッチ,29:ぎんいろのかぜ,36:こうそくいどう,41:スピードスター,48:すてみタックル,53:むしのさざめき,,,,,,,
167,イトマル,1:どくばり,1:いとをはく,5:こわいかお,8:からみつく,12:きゅうけつ,15:ナイトヘッド,19:かげうち,22:みだれひっかき,26:ふいうち,29:クモのす,33:こうそくいどう,36:ミサイルばり,40:サイコキネシス,43:どくづき,47:クロスポイズン,,,,,,,
168,アリアドス,1:むしくい,1:どくばり,1:いとをはく,1:こわいかお,1:からみつく,5:こわいかお,8:からみつく,12:きゅうけつ,15:ナイトヘッド,19:かげうち,23:みだれひっかき,28:ふいうち,32:クモのす,37:こうそくいどう,41:ミサイルばり,46:サイコキネシス,50:どくづき,55:クロスポイズン,,,,
169,クロバット,1:クロスポイズン,1:いやなおと,1:きゅうけつ,1:ちょうおんぱ,1:おどろかす,5:ちょうおんぱ,9:おどろかす,13:かみつく,17:つばさでうつ,21:あやしいひかり,27:エアカッター,33:くろいまなざし,39:アクロバット,45:どくどくのキバ,51:くろいきり,57:エアスラッシュ,,,,,,
170,チョンチー,1:ちょうおんぱ,1:あわ,6:でんじは,9:じたばた,12:あやしいひかり,17:みずでっぽう,20:スパーク,23:とっしん,28:エレキボール,31:バブルこうせん,34:シグナルビーム,39:ほうでん,42:アクアリング,45:ハイドロポンプ,50:じゅうでん,,,,,,,
171,ランターン,1:あわ,1:ちょうおんぱ,1:でんじは,6:でんじは,9:じたばた,12:みずでっぽう,17:あやしいひかり,20:スパーク,23:とっしん,27:たくわえる,27:のみこむ,27:はきだす,30:エレキボール,35:バブルこうせん,40:シグナルビーム,47:ほうでん,52:アクアリング,57:ハイドロポンプ,64:じゅうでん,,,
172,ピチュー,1:でんきショック,1:あまえる,5:しっぽをふる,10:でんじは,13:てんしのキッス,18:わるだくみ,,,,,,,,,,,,,,,,
173,ピィ,1:はたく,1:あまえる,4:アンコール,7:うたう,10:てんしのキッス,13:まねっこ,16:マジカルリーフ,,,,,,,,,,,,,,,
174,ププリン,1:うたう,1:あまえる,5:まるくなる,9:はたく,13:てんしのキッス,17:まねっこ,,,,,,,,,,,,,,,,
175,トゲピー,1:なきごえ,1:あまえる,5:ゆびをふる,9:てんしのキッス,13:あくび,17:アンコール,21:このゆびとまれ,25:ギフトパス,29:ねがいごと,33:げんしのちから,37:しんぴのまもり,41:バトンタッチ,45:すてみタックル,49:とっておき,53:おさきにどうぞ,,,,,,,
176,トゲチック,1:マジカルリーフ,1:なきごえ,1:あまえる,1:ゆびをふる,1:てんしのキッス,5:ゆびをふる,9:てんしのキッス,13:あくび,17:アンコール,21:このゆびとまれ,25:ギフトパス,29:ねがいごと,33:げんしのちから,37:しんぴのまもり,41:バトンタッチ,45:すてみタックル,49:とっておき,53:おさきにどうぞ,,,,
177,ネイティ,1:つつく,1:にらみつける,6:ナイトヘッド,9:テレポート,12:おまじない,17:ミラクルアイ,20:さきどり,23:あやしいひかり,28:ねがいごと,33:サイコシフト,36:みらいよち,39:アシストパワー,44:あやしいかぜ,47:パワースワップ,47:ガードスワップ,50:サイコキネシス,,,,,,
178,ネイティオ,1:つつく,1:にらみつける,6:ナイトヘッド,9:テレポート,12:おまじない,17:ミラクルアイ,20:さきどり,23:あやしいひかり,27:おいかぜ,30:ねがいごと,37:サイコシフト,42:みらいよち,47:アシストパワー,54:あやしいかぜ,54:パワースワップ,59:ガードスワップ,66:サイコキネシス,,,,,
179,メリープ,1:たいあたり,5:なきごえ,10:でんきショック,14:でんじは,19:わたほうし,23:じゅうでん,28:エレキボール,32:コットンガード,37:ほうでん,41:シグナルビーム,46:ひかりのかべ,50:パワージェム,55:かみなり,,,,,,,,,
180,モココ,1:たいあたり,1:なきごえ,1:でんきショック,5:なきごえ,10:でんきショック,14:でんじは,20:わたほうし,25:じゅうでん,31:エレキボール,36:コットンガード,42:ほうでん,47:シグナルビーム,53:ひかりのかべ,59:パワージェム,65:かみなり,,,,,,,
181,デンリュウ,1:ほのおのパンチ,1:たいあたり,1:なきごえ,1:でんきショック,1:でんじは,5:なきごえ,10:でんきショック,14:でんじは,20:わたほうし,25:じゅうでん,30:かみなりパンチ,33:エレキボール,40:コットンガード,48:ほうでん,55:シグナルビーム,63:ひかりのかべ,71:パワージェム,79:かみなり,,,,
182,キレイハナ,1:リーフブレード,1:メガドレイン,1:あまいかおり,1:しびれごな,1:にほんばれ,23:マジカルリーフ,53:リーフストーム,,,,,,,,,,,,,,,
183,マリル,1:たいあたり,2:まるくなる,7:しっぽをふる,10:みずでっぽう,15:ころがる,18:バブルこうせん,23:アクアリング,27:すてみタックル,32:あまごい,37:アクアテール,42:ハイドロポンプ,,,,,,,,,,,
184,マリルリ,1:たいあたり,1:まるくなる,1:しっぽをふる,1:みずでっぽう,2:まるくなる,7:しっぽをふる,10:みずでっぽう,15:ころがる,20:バブルこうせん,27:アクアリング,33:すてみタックル,40:あまごい,47:アクアテール,54:ハイドロポンプ,,,,,,,,
185,ウソッキー,1:ウッドハンマー,1:まねっこ,1:じたばた,1:けたぐり,1:いわおとし,6:じたばた,9:けたぐり,14:いわおとし,17:ものまね,22:とおせんぼう,25:だましうち,30:がんせきふうじ,33:いわなだれ,38:たたきつける,41:ふいうち,46:すてみタックル,49:アームハンマー,,,,,
186,ニョロトノ,1:バブルこうせん,1:さいみんじゅつ,1:おうふくビンタ,1:ほろびのうた,27:いばる,37:とびはねる,48:ハイパーボイス,,,,,,,,,,,,,,,
187,ハネッコ,1:はねる,4:こうごうせい,7:しっぽをふる,10:たいあたり,12:どくのこな,14:しびれごな,16:ねむりごな,19:タネマシンガン,22:やどりぎのタネ,25:メガドレイン,28:アクロバット,31:いかりのこな,34:わたほうし,37:とんぼがえり,40:なやみのタネ,43:ギガドレイン,46:とびはねる,49:おきみやげ,,,,
188,ポポッコ,1:はねる,1:こうごうせい,1:しっぽをふる,1:たいあたり,4:こうごうせい,7:しっぽをふる,10:たいあたり,12:どくのこな,14:しびれごな,16:ねむりごな,20:タネマシンガン,24:やどりぎのタネ,28:メガドレイン,32:アクロバット,36:いかりのこな,40:わたほうし,44:とんぼがえり,48:なやみのタネ,52:ギガドレイン,56:とびはねる,60:おきみやげ,
189,ワタッコ,1:はねる,1:こうごうせい,1:しっぽをふる,1:たいあたり,4:こうごうせい,7:しっぽをふる,10:たいあたり,12:どくのこな,14:しびれごな,16:ねむりごな,20:タネマシンガン,24:やどりぎのタネ,29:メガドレイン,34:アクロバット,39:いかりのこな,44:わたほうし,49:とんぼがえり,54:なやみのタネ,59:ギガドレイン,64:とびはねる,69:おきみやげ,
190,エイパム,1:ひっかく,1:しっぽをふる,4:すなかけ,8:おどろかす,11:バトンタッチ,15:くすぐる,18:みだれひっかき,22:スピードスター,25:いやなおと,29:こうそくいどう,32:ダブルアタック,36:なげつける,39:わるだくみ,43:とっておき,,,,,,,,
191,ヒマナッツ,1:すいとる,1:せいちょう,5:メガドレイン,9:ねをはる,13:くさぶえ,17:やどりぎのタネ,21:がむしゃら,25:なやみのタネ,29:はっぱカッター,33:こうごうせい,37:にほんばれ,41:ギガドレイン,45:タネばくだん,,,,,,,,,
192,キマワリ,1:すいとる,1:はたく,1:せいちょう,5:メガドレイン,9:ねをはる,13:くさぶえ,17:やどりぎのタネ,21:タネマシンガン,25:なやみのタネ,29:はっぱカッター,33:はなびらのまい,37:にほんばれ,41:ソーラービーム,45:リーフストーム,,,,,,,,
193,ヤンヤンマ,1:たいあたり,1:みやぶる,6:でんこうせっか,11:かげぶんしん,14:ソニックブーム,17:みきり,22:ちょうおんぱ,27:さわぐ,30:おいうち,33:げんしのちから,38:さいみんじゅつ,43:つばさでうつ,46:いやなおと,49:とんぼがえり,54:エアスラッシュ,57:むしのさざめき,,,,,,
194,ウパー,1:みずでっぽう,1:しっぽをふる,5:どろあそび,9:マッドショット,15:たたきつける,19:どろばくだん,23:ドわすれ,29:あくび,33:じしん,37:あまごい,43:しろいきり,43:くろいきり,47:だくりゅう,,,,,,,,,
195,ヌオー,1:みずでっぽう,1:しっぽをふる,1:どろあそび,5:どろあそび,9:マッドショット,15:たたきつける,19:どろばくだん,24:ドわすれ,31:あくび,36:じしん,41:あまごい,48:しろいきり,48:くろいきり,53:だくりゅう,,,,,,,,
196,エーフィ,1:しっぽをふる,1:たいあたり,1:てだすけ,8:すなかけ,15:ねんりき,22:でんこうせっか,29:スピードスター,36:サイケこうせん,43:みらいよち,50:とっておき,57:じこあんじ,64:サイコキネシス,71:あさのひざし,78:パワースワップ,,,,,,,,
197,ブラッキー,1:しっぽをふる,1:たいあたり,1:てだすけ,8:すなかけ,15:おいうち,22:でんこうせっか,29:あやしいひかり,36:だましうち,43:ダメおし,50:とっておき,57:くろいまなざし,64:いやなおと,71:つきのひかり,78:ガードスワップ,,,,,,,,
198,ヤミカラス,1:つつく,1:おどろかす,5:おいうち,11:くろいきり,15:つばさでうつ,21:ナイトヘッド,25:ダメおし,31:ちょうはつ,35:だましうち,41:くろいまなざし,45:イカサマ,51:おいかぜ,55:ふいうち,61:いちゃもん,65:さきおくり,,,,,,,
199,ヤドキング,1:パワージェム,1:めざめるパワー,1:のろい,1:あくび,1:たいあたり,5:なきごえ,9:みずでっぽう,14:ねんりき,19:かなしばり,23:ずつき,28:みずのはどう,32:しねんのずつき,36:わるだくみ,41:いばる,45:サイコキネシス,49:きりふだ,54:じこあんじ,58:いやしのはどう,,,,
200,ムウマ,1:なきごえ,1:サイコウェーブ,5:うらみ,10:おどろかす,14:あやしいひかり,19:くろいまなざし,23:たたりめ,28:サイケこうせん,32:いたみわけ,37:しっぺがえし,41:シャドーボール,46:ほろびのうた,50:おんねん,55:パワージェム,,,,,,,,
201,アンノーン,1:めざめるパワー,,,,,,,,,,,,,,,,,,,,,
202,ソーナンス,1:カウンター,1:ミラーコート,1:しんぴのまもり,1:みちづれ,,,,,,,,,,,,,,,,,,
203,キリンリキ,1:パワースワップ,1:ガードスワップ,1:おどろかす,1:たいあたり,1:なきごえ,1:ねんりき,5:かぎわける,10:ふみつけ,14:こうそくいどう,19:サイケこうせん,23:バトンタッチ,28:ダメおし,32:ダブルアタック,37:サイコキネシス,41:しねんのずつき,46:かみくだく,,,,,,
204,クヌギダマ,1:たいあたり,1:まもる,6:じばく,9:むしくい,12:とっしん,17:こうそくスピン,20:がまん,23:しぜんのめぐみ,28:まきびし,31:しっぺがえし,34:だいばくはつ,39:てっぺき,42:ジャイロボール,45:すてみタックル,,,,,,,,
205,フォレトス,1:どくびし,1:たいあたり,1:まもる,1:じばく,1:むしくい,6:じばく,9:むしくい,12:とっしん,17:こうそくスピン,20:がまん,23:しぜんのめぐみ,28:まきびし,31:ミラーショット,32:ボディパージ,36:しっぺがえし,42:だいばくはつ,46:てっぺき,50:ジャイロボール,56:すてみタックル,60:でんじふゆう,64:でんじほう,70:ヘビーボンバー
206,ノコッチ,1:いかり,4:まるくなる,8:あくび,12:へびにらみ,16:ころがる,20:うらみ,24:おいうち,28:いやなおと,33:はねやすめ,38:とっしん,43:とぐろをまく,48:げんしのちから,53:あなをほる,58:がむしゃら,63:じたばた,,,,,,,
207,グライガー,1:どくばり,5:すなかけ,9:かたくなる,12:はたきおとす,16:でんこうせっか,20:れんぞくぎり,23:だましうち,27:アクロバット,31:いやなおと,34:きりさく,38:つるぎのまい,42:とんぼがえり,45:シザークロス,49:ハサミギロチン,,,,,,,,
208,ハガネール,1:かみなりのキバ,1:こおりのキバ,1:ほのおのキバ,1:どろあそび,1:たいあたり,1:かたくなる,1:しめつける,6:いやなおと,9:いわおとし,14:いかり,17:がんせきふうじ,22:うちおとす,25:すなあらし,30:ボディパージ,33:たたきつける,38:ステルスロック,41:りゅうのいぶき,46:のろい,49:アイアンテール,54:かみくだく,57:すてみタックル,62:ストーンエッジ
209,ブルー,1:こおりのキバ,1:ほのおのキバ,1:かみなりのキバ,1:たいあたり,1:こわいかお,1:しっぽをふる,1:あまえる,7:かみつく,13:したでなめる,19:ずつき,25:ほえる,31:いかり,37:とっしん,43:しっぺがえし,49:かみくだく,,,,,,,
210,グランブル,1:こおりのキバ,1:ほのおのキバ,1:かみなりのキバ,1:たいあたり,1:こわいかお,1:しっぽをふる,1:あまえる,7:かみつく,13:したでなめる,19:ずつき,27:ほえる,35:いかり,43:とっしん,51:しっぺがえし,59:かみくだく,67:げきりん,,,,,,
211,ハリーセン,1:まきびし,1:たいあたり,1:どくばり,9:かたくなる,9:ちいさくなる,13:みずでっぽう,17:ころがる,21:どくびし,25:たくわえる,25:はきだす,29:リベンジ,33:しおみず,37:ミサイルばり,41:とっしん,45:アクアテール,49:どくづき,53:みちづれ,57:ハイドロポンプ,,,,
212,ハッサム,1:バレットパンチ,1:でんこうせっか,1:にらみつける,5:きあいだめ,9:おいうち,13:みねうち,17:こうそくいどう,21:メタルクロー,25:れんぞくぎり,29:きりさく,33:かまいたち,37:てっぺき,41:シザークロス,45:つじぎり,49:ダブルアタック,53:アイアンヘッド,57:つるぎのまい,61:フェイント,,,,
213,ツボツボ,1:からにこもる,1:からみつく,1:がまん,1:むしのていこう,7:アンコール,13:まきつく,19:しんぴのまもり,25:ねむる,31:いえき,37:ころがる,43:パワートリック,49:むしくい,55:パワーシェア,55:ガードシェア,,,,,,,,
214,ヘラクロス,1:つじぎり,1:たいあたり,1:にらみつける,1:つのでつく,1:こらえる,7:みだれづき,13:つばめがえし,19:かわらわり,25:カウンター,31:とっしん,37:インファイト,43:きしかいせい,49:フェイント,55:メガホーン,,,,,,,,
215,ニューラ,1:ひっかく,1:にらみつける,1:ちょうはつ,8:でんこうせっか,10:いやなおと,14:だましうち,21:みだれひっかき,24:こうそくいどう,28:こごえるかぜ,35:つめとぎ,38:きりさく,42:ふくろだたき,49:メタルクロー,51:こおりのつぶて,,,,,,,,
216,ヒメグマ,1:ほしがる,1:ひっかく,1:にらみつける,1:したでなめる,1:うそなき,8:みだれひっかき,15:だましうち,22:あまいかおり,29:きりさく,36:あまえる,43:ねむる,43:いびき,50:あばれる,57:なげつける,,,,,,,,
217,リングマ,1:ほしがる,1:ひっかく,1:にらみつける,1:したでなめる,1:うそなき,8:みだれひっかき,15:だましうち,22:あまいかおり,29:きりさく,38:こわいかお,47:ねむる,49:いびき,58:あばれる,67:アームハンマー,,,,,,,,
218,マグマッグ,1:あくび,1:スモッグ,5:ひのこ,10:いわおとし,14:かたくなる,19:じこさいせい,23:はじけるほのお,28:げんしのちから,32:ドわすれ,37:ふんえん,41:いわなだれ,46:のしかかり,50:かえんほうしゃ,55:だいちのちから,,,,,,,,
219,マグカルゴ,1:あくび,1:スモッグ,1:ひのこ,1:いわおとし,5:ひのこ,10:いわおとし,14:かたくなる,19:じこさいせい,23:はじけるほのお,28:げんしのちから,32:ドわすれ,37:ふんえん,38:からをやぶる,44:いわなだれ,52:のしかかり,59:かえんほうしゃ,67:だいちのちから,,,,,
220,ウリムー,1:たいあたり,1:かぎわける,4:どろあそび,8:こなゆき,13:どろかけ,16:こらえる,20:どろばくだん,25:こごえるかぜ,28:こおりのつぶて,32:とっしん,37:じしん,40:しろいきり,44:ふぶき,49:ドわすれ,,,,,,,,
221,イノムー,1:げんしのちから,1:つつく,1:かぎわける,1:どろあそび,1:こなゆき,4:どろあそび,8:こなゆき,13:どろかけ,16:こらえる,20:どろばくだん,25:こごえるかぜ,28:こおりのキバ,32:とっしん,33:みだれづき,40:じしん,48:しろいきり,56:ふぶき,65:ドわすれ,,,,
222,サニーゴ,1:たいあたり,4:かたくなる,8:あわ,13:じこさいせい,16:リフレッシュ,20:ロックブラスト,25:バブルこうせん,28:おまじない,32:げんしのちから,37:アクアリング,40:とげキャノン,44:パワージェム,48:ミラーコート,53:だいちのちから,,,,,,,,
223,テッポウオ,1:みずでっぽう,6:ロックオン,10:サイケこうせん,14:オーロラビーム,19:バブルこうせん,23:きあいだめ,27:タネマシンガン,32:みずのはどう,36:シグナルビーム,40:れいとうビーム,45:はかいこうせん,49:みずびたし,,,,,,,,,,
224,オクタン,1:ダストシュート,1:ロックブラスト,1:みずでっぽう,1:からみつく,1:サイケこうせん,1:オーロラビーム,6:からみつく,10:サイケこうせん,14:オーロラビーム,19:バブルこうせん,23:きあいだめ,25:オクタンほう,29:タネマシンガン,36:しぼりとる,42:シグナルビーム,48:れいとうビーム,55:はかいこうせん,61:みずびたし,,,,
225,デリバード,1:プレゼント,,,,,,,,,,,,,,,,,,,,,
226,マンタイン,1:サイケこうせん,1:タネマシンガン,1:シグナルビーム,1:たいあたり,1:あわ,1:ちょうおんぱ,1:バブルこうせん,4:ちょうおんぱ,10:バブルこうせん,13:ずつき,19:こうそくいどう,22:つばさでうつ,28:みずのはどう,31:とっしん,37:あやしいひかり,40:とびはねる,46:アクアリング,49:ハイドロポンプ,,,,
227,エアームド,1:にらみつける,1:つつく,6:すなかけ,9:スピードスター,12:こうそくいどう,17:みだれづき,20:フェイント,23:エアカッター,28:まきびし,31:きんぞくおん,34:はがねのつばさ,39:ボディパージ,42:エアスラッシュ,45:きりさく,50:つじぎり,,,,,,,
228,デルビル,1:にらみつける,1:ひのこ,4:とおぼえ,8:スモッグ,13:ほえる,16:かみつく,20:かぎわける,25:ふくろだたき,28:ほのおのキバ,32:だましうち,37:さしおさえ,40:イカサマ,44:かえんほうしゃ,49:かみくだく,52:わるだくみ,56:れんごく,,,,,,
229,ヘルガー,1:かみなりのキバ,1:にらみつける,1:ひのこ,1:とおぼえ,1:スモッグ,4:とおぼえ,8:スモッグ,13:ほえる,16:かみつく,20:かぎわける,26:ふくろだたき,30:ほのおのキバ,35:だましうち,41:さしおさえ,45:イカサマ,50:かえんほうしゃ,56:かみくだく,60:わるだくみ,65:れんごく,,,
230,キングドラ,1:あくび,1:あわ,1:えんまく,1:にらみつける,1:みずでっぽう,4:えんまく,8:にらみつける,11:みずでっぽう,14:きあいだめ,18:バブルこうせん,23:こうそくいどう,26:たつまき,30:しおみず,40:ハイドロポンプ,48:りゅうのまい,57:りゅうのはどう,,,,,,
231,ゴマゾウ,1:かぎわける,1:たいあたり,1:なきごえ,1:まるくなる,6:じたばた,10:とっしん,15:ころがる,19:しぜんのめぐみ,24:たたきつける,28:こらえる,33:あまえる,37:とっておき,42:すてみタックル,,,,,,,,,
232,ドンファン,1:ほのおのキバ,1:かみなりのキバ,1:つのでつく,1:なきごえ,1:まるくなる,1:じならし,6:こうそくスピン,10:はたきおとす,15:ころがる,19:マグニチュード,24:たたきつける,25:みだれづき,31:ダメおし,39:こわいかお,46:じしん,54:ギガインパクト,,,,,,
233,ポリゴン２,1:テクスチャー２,1:たいあたり,1:テクスチャー,1:まるくなる,7:サイケこうせん,12:こうそくいどう,18:じこさいせい,23:でんじふゆう,29:シグナルビーム,34:リサイクル,40:ほうでん,45:ロックオン,51:トライアタック,56:マジックコート,62:でんじほう,67:はかいこうせん,,,,,,
234,オドシシ,1:たいあたり,3:にらみつける,7:おどろかす,10:さいみんじゅつ,13:ふみつけ,16:すなかけ,21:とっしん,23:あやしいひかり,27:めいそう,33:なりきり,38:しねんのずつき,43:とびげり,49:ふういん,53:ゆうわく,55:さきどり,,,,,,,
235,ドーブル,1:スケッチ,11:スケッチ,21:スケッチ,31:スケッチ,41:スケッチ,51:スケッチ,61:スケッチ,71:スケッチ,81:スケッチ,91:スケッチ,,,,,,,,,,,,
236,バルキー,1:たいあたり,1:てだすけ,1:ねこだまし,1:みやぶる,,,,,,,,,,,,,,,,,,
237,カポエラー,1:リベンジ,1:まわしげり,6:きあいだめ,10:おいうち,15:でんこうせっか,19:トリプルキック,24:こうそくスピン,28:カウンター,33:フェイント,37:こうそくいどう,42:ジャイロボール,46:ワイドガード,46:ファストガード,51:みきり,55:インファイト,60:がむしゃら,,,,,,
238,ムチュール,1:はたく,5:したでなめる,8:てんしのキッス,11:こなゆき,15:ねんりき,18:うたう,21:ハートスタンプ,25:くろいまなざし,28:うそなき,31:おまじない,35:ゆきなだれ,38:サイコキネシス,41:まねっこ,45:ほろびのうた,48:ふぶき,,,,,,,
239,エレキッド,1:でんこうせっか,1:にらみつける,6:でんきショック,11:けたぐり,16:スピードスター,21:でんげきは,26:ひかりのかべ,31:エレキボール,36:かみなりパンチ,41:ほうでん,46:１０まんボルト,51:いやなおと,56:かみなり,,,,,,,,,
240,ブビィ,1:スモッグ,1:にらみつける,7:ひのこ,10:えんまく,16:だましうち,19:ほのおのうず,25:あやしいひかり,28:はじけるほのお,34:ほのおのパンチ,37:ふんえん,43:かえんほうしゃ,46:にほんばれ,49:だいもんじ,,,,,,,,,
241,ミルタンク,1:たいあたり,3:なきごえ,5:まるくなる,8:ふみつけ,11:ミルクのみ,15:がまん,19:ころがる,24:のしかかり,29:しねんのずつき,35:ゆうわく,41:ジャイロボール,48:いやしのすず,55:めざましビンタ,,,,,,,,,
242,ハピナス,1:まるくなる,1:はたく,1:なきごえ,5:しっぽをふる,9:リフレッシュ,12:おうふくビンタ,16:タマゴうみ,20:ギフトパス,23:ちいさくなる,27:とっしん,31:うたう,34:なげつける,38:いやしのはどう,42:タマゴばくだん,46:ひかりのかべ,50:いやしのねがい,54:すてみタックル,,,,,
243,ライコウ,1:かみつく,1:にらみつける,8:でんきショック,15:ほえる,22:でんこうせっか,29:スパーク,36:リフレクター,43:かみくだく,50:かみなりのキバ,57:ほうでん,64:じんつうりき,71:あまごい,78:めいそう,85:かみなり,,,,,,,,
244,エンテイ,1:かみつく,1:にらみつける,8:ひのこ,15:ほえる,22:ほのおのうず,29:ふみつけ,36:かえんほうしゃ,43:いばる,50:ほのおのキバ,57:ふんえん,64:じんつうりき,71:だいもんじ,78:めいそう,85:ふんか,,,,,,,,
245,スイクン,1:かみつく,1:にらみつける,8:バブルこうせん,15:あまごい,22:かぜおこし,29:オーロラビーム,36:しろいきり,43:ミラーコート,50:こおりのキバ,57:おいかぜ,64:じんつうりき,71:ハイドロポンプ,78:めいそう,85:ふぶき,,,,,,,,
246,ヨーギラス,1:かみつく,1:にらみつける,5:すなあらし,10:いやなおと,14:なしくずし,19:いわなだれ,23:こわいかお,28:あばれる,32:あくのはどう,37:しっぺがえし,41:かみくだく,46:じしん,50:ストーンエッジ,55:はかいこうせん,,,,,,,,
247,サナギラス,1:かみつく,1:にらみつける,1:すなあらし,1:いやなおと,5:すなあらし,10:いやなおと,14:なしくずし,19:いわなだれ,23:こわいかお,28:あばれる,34:あくのはどう,41:しっぺがえし,47:かみくだく,54:じしん,60:ストーンエッジ,67:はかいこうせん,,,,,,
248,バンギラス,1:かみなりのキバ,1:こおりのキバ,1:ほのおのキバ,1:かみつく,1:にらみつける,1:すなあらし,1:いやなおと,5:すなあらし,10:いやなおと,14:なしくずし,19:いわなだれ,23:こわいかお,28:あばれる,34:あくのはどう,41:しっぺがえし,47:かみくだく,54:じしん,63:ストーンエッジ,73:はかいこうせん,82:ギガインパクト,,
249,ルギア,1:ふきとばし,1:ウェザーボール,9:かぜおこし,15:ドラゴンダイブ,23:じんつうりき,29:あまごい,37:ハイドロポンプ,43:エアロブラスト,50:おしおき,57:げんしのちから,65:しんぴのまもり,71:じこさいせい,79:みらいよち,85:しぜんのめぐみ,93:めいそう,99:ゴッドバード,,,,,,
250,ホウオウ,1:ふきとばし,1:ウェザーボール,9:かぜおこし,15:ブレイブバード,23:じんつうりき,29:にほんばれ,37:だいもんじ,43:せいなるほのお,50:おしおき,57:げんしのちから,65:しんぴのまもり,71:じこさいせい,79:みらいよち,85:しぜんのめぐみ,93:めいそう,99:ゴッドバード,,,,,,
251,セレビィ,1:やどりぎのタネ,1:ねんりき,1:じこさいせい,1:いやしのすず,10:しんぴのまもり,19:マジカルリーフ,28:げんしのちから,37:バトンタッチ,46:しぜんのめぐみ,55:かいふくふうじ,64:みらいよち,73:いやしのねがい,82:リーフストーム,91:ほろびのうた,,,,,,,,
252,キモリ,1:はたく,1:にらみつける,6:すいとる,11:でんこうせっか,16:おいうち,21:いやなおと,26:メガドレイン,31:こうそくいどう,36:たたきつける,41:みきり,46:ギガドレイン,51:エナジーボール,,,,,,,,,,
253,ジュプトル,1:はたく,1:にらみつける,1:すいとる,1:でんこうせっか,6:すいとる,11:でんこうせっか,16:れんぞくぎり,17:おいうち,23:いやなおと,29:リーフブレード,35:こうそくいどう,41:たたきつける,47:みきり,53:みねうち,59:リーフストーム,,,,,,,
254,ジュカイン,1:つじぎり,1:はたく,1:にらみつける,1:すいとる,1:でんこうせっか,6:すいとる,11:でんこうせっか,16:シザークロス,17:おいうち,23:いやなおと,29:リーフブレード,35:こうそくいどう,43:たたきつける,51:みきり,59:みねうち,67:リーフストーム,,,,,,
255,アチャモ,1:ひっかく,1:なきごえ,7:きあいだめ,10:ひのこ,16:つつく,19:すなかけ,25:ほのおのうず,28:でんこうせっか,34:きりさく,37:オウムがえし,43:かえんほうしゃ,,,,,,,,,,,
256,ワカシャモ,1:ひっかく,1:なきごえ,1:きあいだめ,1:ひのこ,7:きあいだめ,13:ひのこ,16:にどげり,17:つつく,21:すなかけ,28:ビルドアップ,32:でんこうせっか,39:きりさく,43:オウムがえし,50:スカイアッパー,54:フレアドライブ,,,,,,,
257,バシャーモ,1:ほのおのパンチ,1:とびひざげり,1:ひっかく,1:なきごえ,1:きあいだめ,1:ひのこ,7:きあいだめ,13:ひのこ,16:にどげり,17:つつく,21:すなかけ,28:ビルドアップ,32:でんこうせっか,36:ブレイズキック,42:きりさく,49:ブレイブバード,59:スカイアッパー,66:フレアドライブ,,,,
258,ミズゴロウ,1:たいあたり,1:なきごえ,6:どろかけ,10:みずでっぽう,15:がまん,19:みやぶる,24:どろあそび,28:とっしん,33:うずしお,37:まもる,42:ハイドロポンプ,46:がむしゃら,,,,,,,,,,
259,ヌマクロー,1:たいあたり,1:なきごえ,1:どろかけ,1:みずでっぽう,6:どろかけ,10:みずでっぽう,15:がまん,16:マッドショット,20:みやぶる,25:どろばくだん,31:とっしん,37:だくりゅう,42:まもる,46:じしん,53:がむしゃら,,,,,,,
260,ラグラージ,1:たいあたり,1:なきごえ,1:どろかけ,1:みずでっぽう,6:どろかけ,10:みずでっぽう,15:がまん,16:マッドショット,20:みやぶる,25:どろばくだん,31:とっしん,39:だくりゅう,46:まもる,52:じしん,61:がむしゃら,69:アームハンマー,,,,,,
261,ポチエナ,1:たいあたり,5:とおぼえ,9:すなかけ,13:かみつく,17:かぎわける,21:ほえる,25:いばる,29:ダメおし,33:こわいかお,37:ちょうはつ,41:さしおさえ,45:とっしん,49:ふいうち,53:かみくだく,,,,,,,,
262,グラエナ,1:たいあたり,1:とおぼえ,1:すなかけ,1:かみつく,5:とおぼえ,9:すなかけ,13:かみつく,17:かぎわける,22:ほえる,27:いばる,32:ダメおし,37:こわいかお,42:ちょうはつ,47:さしおさえ,52:とっしん,57:どろぼう,62:ふいうち,,,,,
263,ジグザグマ,1:たいあたり,1:なきごえ,5:しっぽをふる,9:ずつき,13:すなかけ,17:かぎわける,21:どろあそび,25:ミサイルばり,29:ほしがる,33:ギフトパス,37:じたばた,41:ねむる,45:はらだいこ,49:なげつける,,,,,,,,
264,マッスグマ,1:すりかえ,1:たいあたり,1:なきごえ,1:しっぽをふる,1:ずつき,5:しっぽをふる,9:ずつき,13:すなかけ,17:かぎわける,23:どろあそび,29:みだれひっかき,35:ほしがる,41:ギフトパス,47:きりさく,53:ねむる,59:はらだいこ,65:なげつける,,,,,
265,ケムッソ,1:たいあたり,1:いとをはく,5:どくばり,15:むしくい,,,,,,,,,,,,,,,,,,
266,カラサリス,1:かたくなる,7:かたくなる,,,,,,,,,,,,,,,,,,,,
267,アゲハント,1:すいとる,10:すいとる,13:かぜおこし,17:しびれごな,20:あさのひざし,24:メガドレイン,27:ふきとばし,31:メロメロ,34:ぎんいろのかぜ,38:ギガドレイン,41:むしのさざめき,45:ちょうのまい,,,,,,,,,,
268,マユルド,1:かたくなる,7:かたくなる,,,,,,,,,,,,,,,,,,,,
269,ドクケイル,1:ねんりき,10:ねんりき,13:かぜおこし,17:まもる,20:つきのひかり,24:サイケこうせん,27:ふきとばし,31:ひかりのかべ,34:ぎんいろのかぜ,38:どくどく,41:むしのさざめき,45:ちょうのまい,,,,,,,,,,
270,ハスボー,1:おどろかす,3:なきごえ,5:すいとる,7:しぜんのちから,11:しろいきり,15:しぜんのめぐみ,19:メガドレイン,25:バブルこうせん,31:しねんのずつき,37:あまごい,45:エナジーボール,,,,,,,,,,,
271,ハスブレロ,1:おどろかす,3:なきごえ,5:すいとる,7:しぜんのちから,11:ねこだまし,15:みだれひっかき,19:みずあそび,25:バブルこうせん,31:しねんのずつき,37:さわぐ,45:ハイドロポンプ,,,,,,,,,,,
272,ルンパッパ,1:おどろかす,1:なきごえ,1:メガドレイン,1:しぜんのちから,,,,,,,,,,,,,,,,,,
273,タネボー,1:がまん,3:かたくなる,7:せいちょう,13:しぜんのちから,21:こうごうせい,31:にほんばれ,43:だいばくはつ,,,,,,,,,,,,,,,
274,コノハナ,1:はっぱカッター,1:はたく,3:かたくなる,7:せいちょう,13:しぜんのちから,19:ねこだまし,25:いちゃもん,31:だましうち,37:かまいたち,43:いばる,49:じんつうりき,,,,,,,,,,,
275,ダーテング,1:だましうち,1:ふきとばし,1:わるだくみ,1:はっぱカッター,19:グラスミキサー,49:リーフストーム,,,,,,,,,,,,,,,,
276,スバメ,1:つつく,1:なきごえ,4:きあいだめ,8:でんこうせっか,13:つばさでうつ,19:かげぶんしん,26:がむしゃら,34:つばめがえし,43:こうそくいどう,53:エアスラッシュ,,,,,,,,,,,,
277,オオスバメ,1:ついばむ,1:つつく,1:なきごえ,1:きあいだめ,1:でんこうせっか,4:きあいだめ,8:でんこうせっか,13:つばさでうつ,19:かげぶんしん,28:がむしゃら,38:つばめがえし,49:こうそくいどう,61:エアスラッシュ,,,,,,,,,
278,キャモメ,1:なきごえ,1:みずでっぽう,6:ちょうおんぱ,11:つばさでうつ,16:しろいきり,19:みずのはどう,24:でんこうせっか,29:はねやすめ,34:おいうち,37:こうそくいどう,42:つばめがえし,47:エアスラッシュ,50:ぼうふう,,,,,,,,,
279,ペリッパー,1:みずびたし,1:なきごえ,1:みずでっぽう,1:みずあそび,1:つばさでうつ,6:ちょうおんぱ,11:つばさでうつ,16:しろいきり,19:みずのはどう,24:しっぺがえし,25:まもる,31:はねやすめ,38:たくわえる,38:のみこむ,38:はきだす,43:なげつける,50:おいかぜ,57:ハイドロポンプ,63:ぼうふう,,,
280,ラルトス,1:なきごえ,6:ねんりき,10:かげぶんしん,12:テレポート,17:おまじない,21:マジカルリーフ,23:いやしのはどう,28:めいそう,32:サイコキネシス,34:ふういん,39:みらいよち,43:あまえる,45:さいみんじゅつ,50:ゆめくい,54:アシストパワー,,,,,,,
281,キルリア,1:なきごえ,1:ねんりき,1:かげぶんしん,1:テレポート,6:ねんりき,10:かげぶんしん,12:テレポート,17:おまじない,22:マジカルリーフ,25:いやしのはどう,31:めいそう,36:サイコキネシス,39:ふういん,45:みらいよち,50:あまえる,53:さいみんじゅつ,59:ゆめくい,64:アシストパワー,,,,
282,サーナイト,1:いやしのねがい,1:なきごえ,1:ねんりき,1:かげぶんしん,1:テレポート,6:ねんりき,10:かげぶんしん,12:テレポート,17:ねがいごと,22:マジカルリーフ,25:いやしのはどう,33:めいそう,40:サイコキネシス,45:ふういん,53:みらいよち,60:ゆうわく,65:さいみんじゅつ,73:ゆめくい,80:アシストパワー,,,
283,アメタマ,1:あわ,7:でんこうせっか,13:あまいかおり,19:みずあそび,25:バブルこうせん,31:こうそくいどう,37:しろいきり,37:くろいきり,43:バトンタッチ,,,,,,,,,,,,,
284,アメモース,1:あやしいかぜ,1:あわ,1:でんこうせっか,1:あまいかおり,1:みずあそび,7:でんこうせっか,13:あまいかおり,19:みずあそび,22:かぜおこし,26:こわいかお,33:しびれごな,40:ぎんいろのかぜ,47:エアスラッシュ,54:ふきとばし,61:むしのさざめき,68:ちょうのまい,,,,,,
285,キノココ,1:すいとる,5:たいあたり,9:しびれごな,13:やどりぎのタネ,17:メガドレイン,21:ずつき,25:どくのこな,29:なやみのタネ,33:せいちょう,37:ギガドレイン,41:タネばくだん,45:キノコのほうし,,,,,,,,,,
286,キノガッサ,1:すいとる,1:たいあたり,1:しびれごな,1:やどりぎのタネ,5:たいあたり,9:しびれごな,13:やどりぎのタネ,17:メガドレイン,21:ずつき,23:マッハパンチ,25:カウンター,29:はっけい,33:スカイアッパー,37:こころのめ,41:タネばくだん,45:ばくれつパンチ,,,,,,
287,ナマケロ,1:ひっかく,1:あくび,7:アンコール,13:なまける,19:だましうち,25:ドわすれ,31:ほしがる,37:なしくずし,43:カウンター,49:じたばた,,,,,,,,,,,,
288,ヤルキモノ,1:ひっかく,1:きあいだめ,1:アンコール,1:さわぐ,7:アンコール,13:さわぐ,19:みだれひっかき,25:こらえる,31:きりさく,37:カウンター,43:なしくずし,49:きあいパンチ,55:きしかいせい,,,,,,,,,
289,ケッキング,1:ひっかく,1:あくび,1:アンコール,1:なまける,7:アンコール,13:なまける,19:だましうち,25:ドわすれ,31:ほしがる,36:いばる,37:なしくずし,43:カウンター,49:じたばた,55:なげつける,61:おしおき,67:アームハンマー,,,,,,
290,ツチニン,1:ひっかく,1:かたくなる,5:きゅうけつ,9:すなかけ,14:みだれひっかき,19:こころのめ,25:みねうち,31:どろかけ,38:メタルクロー,45:あなをほる,,,,,,,,,,,,
291,テッカニン,1:むしくい,1:ひっかく,1:かたくなる,1:きゅうけつ,1:すなかけ,5:きゅうけつ,9:すなかけ,14:みだれひっかき,19:こころのめ,20:かげぶんしん,20:れんぞくぎり,20:いやなおと,25:つるぎのまい,31:きりさく,38:こうそくいどう,45:バトンタッチ,52:シザークロス,,,,,
292,ヌケニン,1:ひっかく,1:かたくなる,5:きゅうけつ,9:すなかけ,14:みだれひっかき,19:こころのめ,25:うらみ,31:あやしいひかり,38:かげうち,45:おんねん,52:かいふくふうじ,59:シャドーボール,,,,,,,,,,
293,ゴニョニョ,1:はたく,5:さわぐ,11:おどろかす,15:とおぼえ,21:ちょうおんぱ,25:ふみつけ,31:いやなおと,35:ほえる,41:シンクロノイズ,45:ねむる,45:ねごと,51:ハイパーボイス,,,,,,,,,,
294,ドゴーム,1:はたく,1:さわぐ,1:おどろかす,1:とおぼえ,5:さわぐ,11:おどろかす,15:とおぼえ,20:かみつく,23:ちょうおんぱ,29:ふみつけ,37:いやなおと,43:ほえる,51:シンクロノイズ,57:ねむる,57:ねごと,65:ハイパーボイス,,,,,,
295,バクオング,1:こおりのキバ,1:ほのおのキバ,1:かみなりのキバ,1:はたく,1:さわぐ,1:おどろかす,1:とおぼえ,5:さわぐ,11:おどろかす,15:とおぼえ,20:かみつく,23:ちょうおんぱ,29:ふみつけ,37:いやなおと,40:かみくだく,45:ほえる,55:シンクロノイズ,55:ねむる,63:ねごと,71:ハイパーボイス,79:はかいこうせん,
296,マクノシタ,1:たいあたり,1:きあいだめ,4:すなかけ,7:つっぱり,10:あてみなげ,13:ねこだまし,16:ふきとばし,19:はたきおとす,22:きつけ,25:はらだいこ,28:はっけい,31:ちきゅうなげ,34:めざましビンタ,37:こらえる,40:インファイト,43:きしかいせい,46:ヘビーボンバー,,,,,
297,ハリテヤマ,1:しおみず,1:たいあたり,1:きあいだめ,1:すなかけ,1:つっぱり,4:すなかけ,7:つっぱり,10:あてみなげ,13:ねこだまし,16:ふきとばし,19:はたきおとす,22:きつけ,27:はらだいこ,32:はっけい,37:ちきゅうなげ,42:めざましビンタ,47:こらえる,52:インファイト,57:きしかいせい,62:ヘビーボンバー,,
298,ルリリ,1:はねる,2:あまえる,7:しっぽをふる,10:あわ,15:たたきつける,18:みずでっぽう,,,,,,,,,,,,,,,,
299,ノズパス,1:たいあたり,7:かたくなる,13:いわおとし,19:とおせんぼう,25:でんじは,31:いわなだれ,37:すなあらし,43:ねむる,49:パワージェム,55:ほうでん,61:ストーンエッジ,67:でんじほう,73:ロックオン,79:だいちのちから,,,,,,,,
300,エネコ,1:ねこだまし,1:なきごえ,1:しっぽをふる,1:たいあたり,4:みやぶる,8:メロメロ,11:うたう,15:おうふくビンタ,18:まねっこ,22:ねこのて,25:あまえる,29:だましうち,32:めざましビンタ,36:ほしがる,39:いやしのすず,42:すてみタックル,46:ゆうわく,,,,,
301,エネコロロ,1:ねこだまし,1:メロメロ,1:うたう,1:おうふくビンタ,,,,,,,,,,,,,,,,,,
302,ヤミラミ,1:にらみつける,1:ひっかく,4:みやぶる,8:ナイトヘッド,11:おどろかす,15:みだれひっかき,18:ねこだまし,22:みきり,25:かげうち,29:はたきおとす,32:だましうち,36:おしおき,39:シャドークロー,43:パワージェム,46:あやしいひかり,50:イカサマ,53:しねんのずつき,57:シャドーボール,60:くろいまなざし,,,
303,クチート,1:おどろかす,6:うそなき,11:かみつく,16:あまいかおり,21:はさむ,26:だましうち,31:バトンタッチ,36:かみくだく,41:てっぺき,46:ふいうち,51:たくわえる,51:のみこむ,51:はきだす,56:アイアンヘッド,,,,,,,,
304,ココドラ,1:たいあたり,4:かたくなる,8:どろかけ,11:ずつき,15:メタルクロー,18:てっぺき,22:ほえる,25:とっしん,29:アイアンヘッド,32:まもる,36:きんぞくおん,39:アイアンテール,43:ボディパージ,46:ヘビーボンバー,50:すてみタックル,53:メタルバースト,,,,,,
305,コドラ,1:たいあたり,1:かたくなる,1:どろかけ,1:ずつき,4:かたくなる,8:どろかけ,11:ずつき,15:メタルクロー,18:てっぺき,22:ほえる,25:とっしん,29:アイアンヘッド,34:まもる,40:きんぞくおん,45:アイアンテール,51:ボディパージ,56:ヘビーボンバー,62:すてみタックル,67:メタルバースト,,,
306,ボスゴドラ,1:たいあたり,1:かたくなる,1:どろかけ,1:ずつき,4:かたくなる,8:どろかけ,11:ずつき,15:メタルクロー,18:てっぺき,22:ほえる,25:とっしん,29:アイアンヘッド,34:まもる,40:きんぞくおん,48:アイアンテール,57:ボディパージ,65:ヘビーボンバー,74:すてみタックル,82:メタルバースト,,,
307,アサナン,1:がまん,4:ヨガのポーズ,8:ねんりき,11:みきり,15:めざめるパワー,18:こころのめ,22:フェイント,25:めいそう,29:はっけい,32:とびひざげり,36:じこあんじ,39:つぼをつく,43:パワートリック,46:きしかいせい,50:じこさいせい,,,,,,,
308,チャーレム,1:ほのおのパンチ,1:かみなりパンチ,1:れいとうパンチ,1:がまん,1:ヨガのポーズ,1:ねんりき,1:みきり,4:ヨガのポーズ,8:ねんりき,11:みきり,15:めざめるパワー,18:こころのめ,22:フェイント,25:めいそう,29:はっけい,32:とびひざげり,36:じこあんじ,42:つぼをつく,49:パワートリック,55:きしかいせい,62:じこさいせい,
309,ラクライ,1:たいあたり,4:でんじは,9:にらみつける,12:とおぼえ,17:でんこうせっか,20:スパーク,25:かぎわける,28:かみつく,33:かみなりのキバ,36:ほえる,41:ほうでん,44:じゅうでん,49:ワイルドボルト,52:かみなり,,,,,,,,
310,ライボルト,1:ほのおのキバ,1:たいあたり,1:でんじは,1:にらみつける,1:とおぼえ,4:でんじは,9:にらみつける,12:とおぼえ,17:でんこうせっか,20:スパーク,25:かぎわける,30:かみつく,37:かみなりのキバ,42:ほえる,49:ほうでん,54:じゅうでん,61:ワイルドボルト,66:かみなり,,,,
311,プラスル,1:なきごえ,3:でんじは,7:でんこうせっか,10:てだすけ,15:スパーク,17:アンコール,21:うそなき,24:まねっこ,29:エレキボール,31:スピードスター,35:うそなき,38:じゅうでん,42:かみなり,44:バトンタッチ,48:こうそくいどう,51:とっておき,56:わるだくみ,63:なかまづくり,,,,
312,マイナン,1:なきごえ,3:でんじは,7:でんこうせっか,10:てだすけ,15:スパーク,17:アンコール,21:あまえる,24:まねっこ,29:エレキボール,31:スピードスター,35:うそなき,38:じゅうでん,42:かみなり,44:バトンタッチ,48:こうそくいどう,51:きりふだ,56:わるだくみ,63:なかまづくり,,,,
313,バルビート,1:フラッシュ,1:たいあたり,5:かげぶんしん,9:あやしいひかり,13:つきのひかり,17:でんこうせっか,21:ほたるび,25:シグナルビーム,29:まもる,33:てだすけ,37:しねんのずつき,41:むしのさざめき,45:すてみタックル,,,,,,,,,
314,イルミーゼ,1:たいあたり,5:あまいかおり,9:あまえる,13:つきのひかり,17:でんこうせっか,21:ねがいごと,25:アンコール,29:おだてる,33:てだすけ,37:しねんのずつき,41:むしのさざめき,45:ほしがる,,,,,,,,,,
315,ロゼリア,1:すいとる,4:せいちょう,7:どくばり,10:しびれごな,13:メガドレイン,16:やどりぎのタネ,19:マジカルリーフ,22:くさぶえ,25:ギガドレイン,28:どくびし,31:あまいかおり,34:ねをはる,37:どくどく,40:はなびらのまい,43:アロマセラピー,46:こうごうせい,,,,,,
316,ゴクリン,1:はたく,6:あくび,9:どくガス,14:ヘドロこうげき,17:ドわすれ,23:アンコール,28:どくどく,34:アシッドボム,39:たくわえる,39:はきだす,39:のみこむ,44:ヘドロばくだん,49:いえき,54:しぼりとる,59:ダストシュート,,,,,,,
317,マルノーム,1:はたく,1:あくび,1:どくガス,1:ヘドロこうげき,6:あくび,9:どくガス,14:ヘドロこうげき,17:ドわすれ,23:アンコール,26:のしかかり,30:どくどく,38:アシッドボム,45:たくわえる,45:はきだす,45:のみこむ,52:ヘドロばくだん,59:いえき,66:しぼりとる,73:ダストシュート,,,
318,キバニア,1:にらみつける,1:かみつく,6:いかり,8:きあいだめ,11:こわいかお,16:こおりのキバ,18:いやなおと,21:いばる,26:ダメおし,28:かみくだく,31:アクアジェット,36:こうそくいどう,38:とっしん,,,,,,,,,
319,サメハダー,1:フェイント,1:にらみつける,1:かみつく,1:いかり,1:きあいだめ,6:いかり,8:きあいだめ,11:こわいかお,16:こおりのキバ,18:いやなおと,21:いばる,26:ダメおし,28:かみくだく,30:きりさく,34:アクアジェット,40:ちょうはつ,45:こうそくいどう,50:ロケットずつき,56:つじぎり,,,
320,ホエルコ,1:はねる,4:なきごえ,7:みずでっぽう,11:ころがる,14:うずしお,17:おどろかす,21:みずのはどう,24:しろいきり,27:ねむる,31:しおみず,34:しおふき,37:ドわすれ,41:ダイビング,44:とびはねる,47:ハイドロポンプ,50:ヘビーボンバー,,,,,,
321,ホエルオー,1:はねる,1:なきごえ,1:みずでっぽう,1:ころがる,4:なきごえ,7:みずでっぽう,11:ころがる,14:うずしお,17:おどろかす,21:みずのはどう,24:しろいきり,27:ねむる,31:しおみず,34:しおふき,37:ドわすれ,46:ダイビング,54:とびはねる,62:ハイドロポンプ,70:ヘビーボンバー,,,
322,ドンメル,1:なきごえ,1:たいあたり,5:ひのこ,11:マグニチュード,15:きあいだめ,21:はじけるほのお,25:とっしん,31:ドわすれ,35:ふんえん,41:だいちのちから,45:じしん,51:かえんほうしゃ,55:すてみタックル,,,,,,,,,
323,バクーダ,1:なきごえ,1:たいあたり,1:ひのこ,1:マグニチュード,5:ひのこ,11:マグニチュード,15:きあいだめ,21:はじけるほのお,25:とっしん,31:ドわすれ,33:ふんえん,39:いわなだれ,49:だいちのちから,57:じしん,67:ふんか,75:じわれ,,,,,,
324,コータス,1:ひのこ,4:スモッグ,7:からにこもる,12:のろい,17:ほのおのうず,20:えんまく,23:こうそくスピン,28:かえんほうしゃ,33:のしかかり,36:まもる,39:ふんえん,44:てっぺき,49:ドわすれ,52:じたばた,55:ねっぷう,60:れんごく,65:からをやぶる,,,,,
325,バネブー,1:はねる,7:サイコウェーブ,10:かぎわける,14:サイケこうせん,15:じこあんじ,18:あやしいひかり,21:マジックコート,26:しねんのずつき,29:ねむる,29:いびき,34:サイコショック,41:しっぺがえし,46:サイコキネシス,48:パワージェム,53:とびはねる,,,,,,,
326,ブーピッグ,1:はねる,1:サイコウェーブ,1:かぎわける,1:サイケこうせん,7:サイコウェーブ,10:かぎわける,14:サイケこうせん,15:じこあんじ,18:あやしいひかり,21:マジックコート,26:しねんのずつき,29:ねむる,29:いびき,37:サイコショック,47:しっぺがえし,55:サイコキネシス,60:パワージェム,68:とびはねる,,,,
327,パッチール,1:たいあたり,5:さわぐ,10:まねっこ,14:だましうち,19:サイケこうせん,23:さいみんじゅつ,28:ピヨピヨパンチ,32:ふいうち,37:フラフラダンス,41:じこあんじ,46:すてみタックル,50:じたばた,55:あばれる,,,,,,,,,
328,ナックラー,1:かみつく,9:すなかけ,17:だましうち,25:すなじごく,33:かみくだく,41:あなをほる,49:すなあらし,57:はかいこうせん,65:だいちのちから,73:じしん,81:フェイント,89:じわれ,,,,,,,,,,
329,ビブラーバ,1:ソニックブーム,1:すなかけ,1:だましうち,1:すなじごく,9:すなかけ,17:だましうち,25:すなじごく,33:ちょうおんぱ,35:りゅうのいぶき,41:いやなおと,49:すなあらし,57:はかいこうせん,,,,,,,,,,
330,フライゴン,1:ソニックブーム,1:すなかけ,1:だましうち,1:すなじごく,9:すなかけ,17:だましうち,25:すなじごく,33:ちょうおんぱ,35:りゅうのいぶき,41:いやなおと,45:ドラゴンクロー,49:すなあらし,57:はかいこうせん,65:ドラゴンテール,,,,,,,,
331,サボネア,1:どくばり,1:にらみつける,5:すいとる,9:せいちょう,13:やどりぎのタネ,17:すなかけ,21:ミサイルばり,25:ねをはる,29:だましうち,33:まきびし,37:ふいうち,41:しっぺがえし,45:ニードルアーム,49:わたほうし,53:すなあらし,57:みちづれ,,,,,,
332,ノクタス,1:リベンジ,1:どくばり,1:にらみつける,1:すいとる,1:せいちょう,5:すいとる,9:せいちょう,13:やどりぎのタネ,17:すなかけ,21:ミサイルばり,25:ねをはる,29:だましうち,35:まきびし,41:ふいうち,47:しっぺがえし,53:ニードルアーム,59:わたほうし,65:すなあらし,71:みちづれ,,,
333,チルット,1:つつく,1:なきごえ,5:おどろかす,9:うたう,13:みだれづき,18:しんぴのまもり,23:しろいきり,28:とっしん,32:しぜんのめぐみ,36:オウムがえし,40:コットンガード,45:リフレッシュ,50:りゅうのはどう,55:ほろびのうた,,,,,,,,
334,チルタリス,1:ついばむ,1:つつく,1:なきごえ,1:おどろかす,1:うたう,5:おどろかす,9:うたう,13:みだれづき,18:しんぴのまもり,23:しろいきり,28:とっしん,32:しぜんのめぐみ,35:りゅうのいぶき,39:りゅうのまい,46:コットンガード,54:リフレッシュ,62:りゅうのはどう,70:ほろびのうた,77:ゴッドバード,,,
335,ザングース,1:ひっかく,1:にらみつける,5:でんこうせっか,9:つるぎのまい,14:れんぞくぎり,18:きりさく,22:おいうち,27:さしおさえ,31:ブレイククロー,35:ちょうはつ,40:みきり,44:みねうち,48:シザークロス,53:インファイト,,,,,,,,
336,ハブネーク,1:まきつく,7:したでなめる,10:かみつく,16:ポイズンテール,19:いやなおと,25:へびにらみ,28:かみくだく,34:どくどくのキバ,37:いばる,43:くろいきり,46:つじぎり,52:どくづき,55:ベノムショック,61:しぼりとる,64:とぐろをまく,,,,,,,
337,ルナトーン,1:たいあたり,1:かたくなる,1:ねんりき,9:いわおとし,12:さいみんじゅつ,20:ロックカット,23:サイコウェーブ,31:さしおさえ,34:コスモパワー,42:かいふくふうじ,45:サイコキネシス,53:みらいよち,56:だいばくはつ,64:マジックルーム,,,,,,,,
338,ソルロック,1:たいあたり,1:かたくなる,1:ねんりき,9:いわおとし,12:ほのおのうず,20:ロックカット,23:サイコウェーブ,31:さしおさえ,34:コスモパワー,42:かいふくふうじ,45:いわなだれ,53:ソーラービーム,56:だいばくはつ,64:ワンダールーム,,,,,,,,
339,ドジョッチ,1:どろかけ,6:どろあそび,6:みずあそび,10:みずでっぽう,14:どろばくだん,18:ドわすれ,22:みずのはどう,26:マグニチュード,31:ねむる,31:いびき,35:アクアテール,39:じしん,43:みらいよち,47:じわれ,,,,,,,,
340,ナマズン,1:しねんのずつき,1:くすぐる,1:どろかけ,1:どろあそび,1:みずあそび,6:どろあそび,6:みずあそび,10:みずでっぽう,14:どろばくだん,18:ドわすれ,22:みずのはどう,26:マグニチュード,33:ねむる,33:いびき,39:アクアテール,45:じしん,51:みらいよち,57:じわれ,,,,
341,ヘイガニ,1:あわ,7:かたくなる,10:はさむ,13:にらみつける,20:バブルこうせん,23:まもる,26:はたきおとす,32:ちょうはつ,35:つじぎり,38:クラブハンマー,44:つるぎのまい,47:かみくだく,53:ハサミギロチン,,,,,,,,,
342,シザリガー,1:あわ,1:かたくなる,1:はさむ,1:にらみつける,7:かたくなる,10:はさむ,13:にらみつける,20:バブルこうせん,23:まもる,26:はたきおとす,30:スピードスター,34:ちょうはつ,39:つじぎり,44:クラブハンマー,52:つるぎのまい,57:かみくだく,65:ハサミギロチン,,,,,
343,ヤジロン,1:ねんりき,4:かたくなる,7:こうそくスピン,11:どろかけ,15:サイケこうせん,18:がんせきふうじ,21:じばく,26:げんしのちから,31:パワートリック,34:すなあらし,37:コスモパワー,43:じんつうりき,48:ガードシェア,48:パワーシェア,51:だいちのちから,54:かいふくふうじ,60:だいばくはつ,,,,,
344,ネンドール,1:テレポート,1:ねんりき,1:かたくなる,1:こうそくスピン,4:かたくなる,7:こうそくスピン,11:どろかけ,15:サイケこうせん,18:がんせきふうじ,21:じばく,26:げんしのちから,31:パワートリック,34:すなあらし,36:はかいこうせん,39:じんつうりき,47:コスモパワー,54:ガードシェア,54:パワーシェア,59:だいちのちから,64:かいふくふうじ,72:だいばくはつ,
345,リリーラ,1:おどろかす,1:からみつく,8:ようかいえき,15:ねをはる,22:あやしいひかり,29:ドわすれ,36:いえき,43:げんしのちから,50:エナジーボール,57:たくわえる,57:はきだす,57:のみこむ,64:しぼりとる,,,,,,,,,
346,ユレイドル,1:おどろかす,1:からみつく,1:ようかいえき,1:ねをはる,8:ようかいえき,15:ねをはる,22:あやしいひかり,29:ドわすれ,36:げんしのちから,46:いえき,56:エナジーボール,66:たくわえる,66:はきだす,66:のみこむ,76:しぼりとる,,,,,,,
347,アノプス,1:ひっかく,1:かたくなる,7:どろあそび,13:みずでっぽう,19:メタルクロー,25:まもる,31:げんしのちから,37:れんぞくぎり,43:きりさく,49:ロックブラスト,55:ブレイククロー,61:シザークロス,,,,,,,,,,
348,アーマルド,1:ひっかく,1:かたくなる,1:どろあそび,1:みずでっぽう,7:どろあそび,13:みずでっぽう,19:メタルクロー,25:まもる,31:げんしのちから,37:れんぞくぎり,46:きりさく,55:ロックブラスト,67:ブレイククロー,73:シザークロス,,,,,,,,
349,ヒンバス,1:はねる,15:たいあたり,30:じたばた,,,,,,,,,,,,,,,,,,,
350,ミロカロス,1:みずでっぽう,1:まきつく,5:みずあそび,9:リフレッシュ,13:みずのはどう,17:たつまき,21:じこさいせい,25:ゆうわく,29:アクアテール,33:あまごい,37:ハイドロポンプ,41:メロメロ,45:しんぴのまもり,49:アクアリング,,,,,,,,
351,ポワルン,1:たいあたり,10:みずでっぽう,10:ひのこ,10:こなゆき,20:ずつき,30:あまごい,30:にほんばれ,30:あられ,40:ウェザーボール,50:ハイドロポンプ,50:だいもんじ,50:ふぶき,,,,,,,,,,
352,カクレオン,1:どろぼう,1:しっぽをふる,1:おどろかす,1:したでなめる,1:ひっかく,4:しめつける,7:だましうち,10:みだれひっかき,14:フェイント,18:サイケこうせん,22:かげうち,27:きりさく,32:いやなおと,37:みがわり,43:ふいうち,49:シャドークロー,55:げんしのちから,58:シンクロノイズ,,,,
353,カゲボウズ,1:はたきおとす,5:いやなおと,8:ナイトヘッド,13:のろい,16:うらみ,20:かげうち,23:おにび,28:だましうち,31:たたりめ,35:シャドーボール,38:ふいうち,43:さしおさえ,46:よこどり,50:おんねん,55:トリック,,,,,,,
354,ジュペッタ,1:はたきおとす,1:いやなおと,1:ナイトヘッド,1:のろい,5:いやなおと,8:ナイトヘッド,13:のろい,16:うらみ,20:かげうち,23:おにび,28:だましうち,31:たたりめ,35:シャドーボール,42:ふいうち,51:さしおさえ,58:よこどり,66:おんねん,75:トリック,,,,
355,ヨマワル,1:にらみつける,1:ナイトヘッド,6:かなしばり,9:みやぶる,14:おどろかす,17:あやしいひかり,22:かげうち,25:おいうち,30:のろい,33:おにび,38:たたりめ,41:くろいまなざし,46:しっぺがえし,49:みらいよち,,,,,,,,
356,サマヨール,1:ほのおのパンチ,1:れいとうパンチ,1:かみなりパンチ,1:じゅうりょく,1:しめつける,1:にらみつける,1:ナイトヘッド,1:かなしばり,6:かなしばり,9:みやぶる,14:おどろかす,17:あやしいひかり,22:かげうち,25:おいうち,30:のろい,33:おにび,37:シャドーパンチ,42:たたりめ,49:くろいまなざし,58:しっぺがえし,61:みらいよち,
357,トロピウス,1:にらみつける,1:かぜおこし,7:せいちょう,11:はっぱカッター,17:ふみつけ,21:あまいかおり,27:ふきとばし,31:マジカルリーフ,37:のしかかり,41:こうごうせい,47:グラスミキサー,51:エアスラッシュ,57:ギフトパス,61:ソーラービーム,67:しぜんのめぐみ,71:リーフストーム,,,,,,
358,チリーン,1:まきつく,6:なきごえ,9:おどろかす,14:ねんりき,17:さわぐ,22:とっしん,25:あくび,30:サイコウェーブ,33:すてみタックル,38:いやしのすず,41:しんぴのまもり,46:じんつうりき,49:いやしのはどう,54:シンクロノイズ,57:いやしのねがい,,,,,,,
359,アブソル,1:ひっかく,1:フェイント,4:にらみつける,9:ちょうはつ,12:でんこうせっか,17:かまいたち,20:おいうち,25:つるぎのまい,28:かみつく,33:かげぶんしん,36:きりさく,41:みらいよち,44:ふいうち,49:みきり,52:つじぎり,57:さきどり,60:サイコカッター,65:ほろびのうた,,,,
360,ソーナノ,1:はねる,1:あまえる,1:アンコール,15:カウンター,15:ミラーコート,15:しんぴのまもり,15:みちづれ,,,,,,,,,,,,,,,
361,ユキワラシ,1:こなゆき,1:にらみつける,4:かげぶんしん,10:かみつく,13:こごえるかぜ,19:ずつき,22:まもる,28:こおりのキバ,31:かみくだく,37:こおりのつぶて,40:あられ,46:ふぶき,,,,,,,,,,
362,オニゴーリ,1:こなゆき,1:にらみつける,1:かげぶんしん,1:かみつく,4:かげぶんしん,10:かみつく,13:こごえるかぜ,19:ずつき,22:まもる,28:こおりのキバ,31:かみくだく,37:れいとうビーム,40:あられ,51:ふぶき,59:ぜったいれいど,,,,,,,
363,タマザラシ,1:まるくなる,1:こなゆき,1:なきごえ,1:みずでっぽう,7:アンコール,13:アイスボール,19:のしかかり,25:オーロラビーム,31:あられ,37:ねむる,37:いびき,43:ふぶき,49:ぜったいれいど,,,,,,,,,
364,トドグラー,1:こなゆき,1:なきごえ,1:みずでっぽう,1:アンコール,7:アンコール,13:アイスボール,19:のしかかり,25:オーロラビーム,31:あられ,32:いばる,39:ねむる,39:いびき,47:ふぶき,55:ぜったいれいど,,,,,,,,
365,トドゼルガ,1:かみくだく,1:こなゆき,1:なきごえ,1:みずでっぽう,1:アンコール,7:アンコール,13:アイスボール,19:のしかかり,25:オーロラビーム,31:あられ,32:いばる,39:ねむる,39:いびき,44:こおりのキバ,52:ふぶき,65:ぜったいれいど,,,,,,
366,パールル,1:からではさむ,1:みずでっぽう,1:うずしお,1:てっぺき,51:からをやぶる,,,,,,,,,,,,,,,,,
367,ハンテール,1:うずしお,6:かみつく,10:いやなおと,15:みずのはどう,19:こわいかお,24:こおりのキバ,28:しおみず,33:バトンタッチ,37:ダイビング,42:かみくだく,46:アクアテール,51:ハイドロポンプ,,,,,,,,,,
368,サクラビス,1:うずしお,6:ねんりき,10:こうそくいどう,15:みずのはどう,19:ドわすれ,24:アクアリング,28:ゆうわく,33:バトンタッチ,37:ダイビング,42:サイコキネシス,46:アクアテール,51:ハイドロポンプ,,,,,,,,,,
369,ジーランス,1:たいあたり,1:かたくなる,8:みずでっぽう,15:がんせきふうじ,22:あくび,29:とっしん,36:どろあそび,43:げんしのちから,50:すてみタックル,57:ダイビング,64:ねむる,71:ハイドロポンプ,78:もろはのずつき,,,,,,,,,
370,ラブカス,1:たいあたり,4:あまえる,7:みずでっぽう,9:こうそくいどう,14:とっしん,17:おまじない,22:みずのはどう,27:メロメロ,31:じたばた,37:てんしのキッス,40:ハイドロポンプ,46:アクアリング,51:ゆうわく,55:しんぴのまもり,,,,,,,,
371,タツベイ,1:いかり,5:かみつく,10:にらみつける,16:ずつき,20:きあいだめ,25:ひのこ,31:りゅうのいぶき,35:しねんのずつき,40:こわいかお,46:かみくだく,50:ドラゴンクロー,55:すてみタックル,,,,,,,,,,
372,コモルー,1:いかり,1:かみつく,1:にらみつける,1:ずつき,5:かみつく,10:にらみつける,16:ずつき,20:きあいだめ,25:ひのこ,30:まもる,32:りゅうのいぶき,37:しねんのずつき,43:こわいかお,50:かみくだく,55:ドラゴンクロー,61:すてみタックル,,,,,,
373,ボーマンダ,1:ほのおのキバ,1:かみなりのキバ,1:いかり,1:かみつく,1:にらみつける,1:ずつき,5:かみつく,10:にらみつける,16:ずつき,20:きあいだめ,25:ひのこ,30:まもる,32:りゅうのいぶき,37:しねんのずつき,43:こわいかお,50:そらをとぶ,53:かみくだく,61:ドラゴンクロー,70:すてみタックル,80:ドラゴンテール,,
374,ダンバル,1:とっしん,,,,,,,,,,,,,,,,,,,,,
375,メタング,1:でんじふゆう,1:とっしん,1:メタルクロー,1:ねんりき,20:メタルクロー,20:ねんりき,24:こわいかお,28:おいうち,32:バレットパンチ,36:サイコキネシス,40:てっぺき,44:こうそくいどう,48:コメットパンチ,52:しねんのずつき,56:はかいこうせん,,,,,,,
376,メタグロス,1:でんじふゆう,1:とっしん,1:メタルクロー,1:ねんりき,20:メタルクロー,20:ねんりき,24:こわいかお,28:おいうち,32:バレットパンチ,36:サイコキネシス,40:てっぺき,44:こうそくいどう,45:アームハンマー,53:コメットパンチ,62:しねんのずつき,71:はかいこうせん,,,,,,
377,レジロック,1:だいばくはつ,1:ふみつけ,9:いわおとし,17:のろい,25:ばかぢから,33:げんしのちから,41:てっぺき,49:チャージビーム,57:ロックオン,65:でんじほう,73:ストーンエッジ,81:アームハンマー,89:はかいこうせん,,,,,,,,,
378,レジアイス,1:だいばくはつ,1:ふみつけ,9:こごえるかぜ,17:のろい,25:ばかぢから,33:げんしのちから,41:ドわすれ,49:チャージビーム,57:ロックオン,65:でんじほう,73:れいとうビーム,81:アームハンマー,89:はかいこうせん,,,,,,,,,
379,レジスチル,1:だいばくはつ,1:ふみつけ,9:メタルクロー,17:のろい,25:ばかぢから,33:げんしのちから,41:てっぺき,41:ドわすれ,49:チャージビーム,57:ロックオン,65:でんじほう,73:アイアンヘッド,73:ラスターカノン,81:アームハンマー,89:はかいこうせん,,,,,,,
380,ラティアス,1:サイコウェーブ,5:ねがいごと,10:てだすけ,15:しんぴのまもり,20:りゅうのいぶき,25:みずあそび,30:リフレッシュ,35:ミストボール,40:しねんのずつき,45:じこさいせい,50:サイコシフト,55:あまえる,60:サイコキネシス,65:いやしのはどう,70:ミラータイプ,75:ガードシェア,80:りゅうのはどう,85:いやしのねがい,,,,
381,ラティオス,1:サイコウェーブ,5:かいふくふうじ,10:てだすけ,15:しんぴのまもり,20:りゅうのいぶき,25:まもる,30:リフレッシュ,35:ラスターパージ,40:しねんのずつき,45:じこさいせい,50:サイコシフト,55:りゅうのまい,60:サイコキネシス,65:いやしのはどう,70:テレキネシス,75:パワーシェア,80:りゅうのはどう,85:おきみやげ,,,,
382,カイオーガ,1:みずのはどう,5:こわいかお,15:のしかかり,20:だくりゅう,30:アクアリング,35:れいとうビーム,45:げんしのちから,50:しおふき,60:めいそう,65:アクアテール,75:ぜったいれいど,80:すてみタックル,90:ハイドロポンプ,,,,,,,,,
383,グラードン,1:マッドショット,5:こわいかお,15:ふんえん,20:アームハンマー,30:ねむる,35:じしん,45:げんしのちから,50:ふんか,60:ビルドアップ,65:だいちのちから,75:じわれ,80:ソーラービーム,90:だいもんじ,,,,,,,,,
384,レックウザ,1:たつまき,5:こわいかお,15:かみくだく,20:ハイパーボイス,30:ねむる,35:エアスラッシュ,45:げんしのちから,50:げきりん,60:りゅうのまい,65:そらをとぶ,75:しんそく,80:はかいこうせん,90:りゅうのはどう,,,,,,,,,
385,ジラーチ,1:ねがいごと,1:ねんりき,5:ねむる,10:スピードスター,15:てだすけ,20:サイコキネシス,25:リフレッシュ,30:ねむる,35:しねんのずつき,40:すてみタックル,45:じゅうりょく,50:いやしのねがい,55:みらいよち,60:コスモパワー,65:とっておき,70:はめつのねがい,,,,,,
386,デオキシス（ノーマル）,1:にらみつける,1:まきつく,9:ナイトヘッド,17:テレポート,25:はたきおとす,33:おいうち,41:サイコキネシス,49:よこどり,57:サイコシフト,65:しねんのずつき,73:コスモパワー,81:じこさいせい,89:サイコブースト,97:はかいこうせん,,,,,,,,
386,デオキシス（アタック）,1:にらみつける,1:まきつく,9:ナイトヘッド,17:テレポート,25:ちょうはつ,33:おいうち,41:サイコキネシス,49:ばかぢから,57:サイコシフト,65:しねんのずつき,73:コスモパワー,81:でんじほう,89:サイコブースト,97:はかいこうせん,,,,,,,,
386,デオキシス（ディフェンス）,1:にらみつける,1:まきつく,9:ナイトヘッド,17:テレポート,25:はたきおとす,33:まきびし,41:サイコキネシス,49:よこどり,57:サイコシフト,65:しねんのずつき,73:てっぺき,73:ドわすれ,81:じこさいせい,89:サイコブースト,97:カウンター,97:ミラーコート,,,,,,
386,デオキシス（スピード）,1:にらみつける,1:まきつく,9:ナイトヘッド,17:かげぶんしん,25:はたきおとす,33:おいうち,41:サイコキネシス,49:スピードスター,57:サイコシフト,65:しねんのずつき,73:こうそくいどう,81:じこさいせい,89:サイコブースト,97:しんそく,,,,,,,,
387,ナエトル,1:たいあたり,5:からにこもる,9:すいとる,13:はっぱカッター,17:のろい,21:かみつく,25:メガドレイン,29:やどりぎのタネ,33:こうごうせい,37:かみくだく,41:ギガドレイン,45:リーフストーム,,,,,,,,,,
388,ハヤシガメ,1:たいあたり,1:からにこもる,5:からにこもる,9:すいとる,13:はっぱカッター,17:のろい,22:かみつく,27:メガドレイン,32:やどりぎのタネ,37:こうごうせい,42:かみくだく,47:ギガドレイン,52:リーフストーム,,,,,,,,,
389,ドダイトス,1:ウッドハンマー,1:たいあたり,1:からにこもる,1:すいとる,1:はっぱカッター,5:からにこもる,9:すいとる,13:はっぱカッター,17:のろい,22:かみつく,27:メガドレイン,32:じしん,33:やどりぎのタネ,39:こうごうせい,45:かみくだく,51:ギガドレイン,57:リーフストーム,,,,,
390,ヒコザル,1:ひっかく,1:にらみつける,7:ひのこ,9:ちょうはつ,15:みだれひっかき,17:かえんぐるま,23:わるだくみ,25:いちゃもん,31:からげんき,33:ほのおのうず,39:アクロバット,41:なまける,47:かえんほうしゃ,,,,,,,,,
391,モウカザル,1:ひっかく,1:にらみつける,1:ひのこ,7:ひのこ,9:ちょうはつ,14:マッハパンチ,16:みだれひっかき,19:かえんぐるま,26:フェイント,29:いちゃもん,36:インファイト,39:ほのおのうず,46:アクロバット,49:なまける,56:フレアドライブ,,,,,,,
392,ゴウカザル,1:ひっかく,1:にらみつける,1:ひのこ,1:ちょうはつ,7:ひのこ,9:ちょうはつ,14:マッハパンチ,16:みだれひっかき,19:かえんぐるま,26:フェイント,29:おしおき,36:インファイト,42:ほのおのうず,52:アクロバット,58:めいそう,68:フレアドライブ,,,,,,
393,ポッチャマ,1:はたく,4:なきごえ,8:あわ,11:みずあそび,15:つつく,18:バブルこうせん,22:がまん,25:みだれづき,29:しおみず,32:うずしお,36:しろいきり,39:ドリルくちばし,43:ハイドロポンプ,,,,,,,,,
394,ポッタイシ,1:たいあたり,1:なきごえ,4:なきごえ,8:あわ,11:みずあそび,15:つつく,16:メタルクロー,19:バブルこうせん,24:がまん,28:みだれづき,33:しおみず,37:うずしお,42:しろいきり,46:ドリルくちばし,51:ハイドロポンプ,,,,,,,
395,エンペルト,1:たいあたり,1:なきごえ,1:あわ,4:なきごえ,8:あわ,11:つるぎのまい,15:つつく,16:メタルクロー,19:バブルこうせん,24:いばる,28:みだれづき,33:しおみず,36:アクアジェット,39:うずしお,46:しろいきり,52:ドリルくちばし,59:ハイドロポンプ,,,,,
396,ムックル,1:たいあたり,1:なきごえ,5:でんこうせっか,9:つばさでうつ,13:かげぶんしん,17:がむしゃら,21:ふきとばし,25:つばめがえし,29:とっしん,33:こうそくいどう,37:ブレイブバード,41:いのちがけ,,,,,,,,,,
397,ムクバード,1:たいあたり,1:なきごえ,1:でんこうせっか,5:でんこうせっか,9:つばさでうつ,13:かげぶんしん,18:がむしゃら,23:ふきとばし,28:つばめがえし,33:とっしん,38:こうそくいどう,43:ブレイブバード,48:いのちがけ,,,,,,,,,
398,ムクホーク,1:たいあたり,1:なきごえ,1:でんこうせっか,1:つばさでうつ,5:でんこうせっか,9:つばさでうつ,13:かげぶんしん,18:がむしゃら,23:ふきとばし,28:つばめがえし,33:とっしん,34:インファイト,41:こうそくいどう,49:ブレイブバード,57:いのちがけ,,,,,,,
399,ビッパ,1:たいあたり,5:なきごえ,9:まるくなる,13:ころがる,17:ずつき,21:ひっさつまえば,25:あくび,29:ドわすれ,33:とっしん,37:いかりのまえば,41:ばかぢから,45:のろい,,,,,,,,,,
400,ビーダル,1:たいあたり,1:なきごえ,5:なきごえ,9:まるくなる,13:ころがる,15:みずでっぽう,18:ずつき,23:ひっさつまえば,28:あくび,33:ドわすれ,38:とっしん,43:いかりのまえば,48:ばかぢから,53:のろい,,,,,,,,
401,コロボーシ,1:なきごえ,1:がまん,6:むしのていこう,16:むしくい,,,,,,,,,,,,,,,,,,
402,コロトック,1:なきごえ,1:がまん,10:れんぞくぎり,14:きゅうけつ,18:うたう,22:きあいだめ,26:きりさく,30:シザークロス,34:いやなおと,38:ちょうはつ,42:つじぎり,46:むしのさざめき,50:ほろびのうた,,,,,,,,,
403,コリンク,1:たいあたり,5:にらみつける,9:じゅうでん,13:スパーク,17:かみつく,21:ほえる,25:いばる,29:かみなりのキバ,33:かみくだく,37:こわいかお,41:ほうでん,45:ワイルドボルト,,,,,,,,,,
404,ルクシオ,1:たいあたり,1:にらみつける,5:にらみつける,9:じゅうでん,13:スパーク,18:かみつく,23:ほえる,28:いばる,33:かみなりのキバ,38:かみくだく,43:こわいかお,48:ほうでん,53:ワイルドボルト,,,,,,,,,
405,レントラー,1:たいあたり,1:にらみつける,1:じゅうでん,5:にらみつける,9:じゅうでん,13:スパーク,18:かみつく,23:ほえる,28:いばる,35:かみなりのキバ,42:かみくだく,49:こわいかお,56:ほうでん,63:ワイルドボルト,,,,,,,,
406,スボミー,1:すいとる,4:せいちょう,7:みずあそび,10:しびれごな,13:メガドレイン,16:なやみのタネ,,,,,,,,,,,,,,,,
407,ロズレイド,1:ウェザーボール,1:どくばり,1:メガドレイン,1:マジカルリーフ,1:あまいかおり,,,,,,,,,,,,,,,,,
408,ズガイドス,1:ずつき,1:にらみつける,6:きあいだめ,10:おいうち,15:とっしん,19:こわいかお,24:ダメおし,28:なしくずし,33:げんしのちから,37:しねんのずつき,42:いやなおと,46:もろはのずつき,,,,,,,,,,
409,ラムパルド,1:ずつき,1:にらみつける,6:きあいだめ,10:おいうち,15:とっしん,19:こわいかお,24:ダメおし,28:なしくずし,30:がむしゃら,36:げんしのちから,43:しねんのずつき,51:いやなおと,58:もろはのずつき,,,,,,,,,
410,タテトプス,1:たいあたり,1:まもる,6:ちょうはつ,10:きんぞくおん,15:とっしん,19:てっぺき,24:いばる,28:げんしのちから,33:こらえる,37:メタルバースト,42:アイアンヘッド,46:ヘビーボンバー,,,,,,,,,,
411,トリデプス,1:たいあたり,1:まもる,1:ちょうはつ,1:きんぞくおん,6:ちょうはつ,10:きんぞくおん,15:とっしん,19:てっぺき,24:いばる,28:げんしのちから,30:とおせんぼう,36:こらえる,43:メタルバースト,51:アイアンヘッド,58:ヘビーボンバー,,,,,,,
412,ミノムッチ,1:まもる,10:たいあたり,15:むしくい,20:めざめるパワー,,,,,,,,,,,,,,,,,,
413,ミノマダム（くさ）,1:たいあたり,10:まもる,15:むしくい,20:めざめるパワー,23:ねんりき,26:はっぱカッター,29:せいちょう,32:サイケこうせん,35:ゆうわく,38:じたばた,41:メロメロ,44:サイコキネシス,47:リーフストーム,,,,,,,,,
413,ミノマダム（すな）,1:たいあたり,10:まもる,15:むしくい,20:めざめるパワー,23:ねんりき,26:ロックブラスト,29:かたくなる,32:サイケこうせん,35:ゆうわく,38:じたばた,41:メロメロ,44:サイコキネシス,47:じわれ,,,,,,,,,
413,ミノマダム（ゴミ）,1:たいあたり,10:まもる,15:むしくい,20:めざめるパワー,23:ねんりき,26:ミラーショット,29:きんぞくおん,32:サイケこうせん,35:ゆうわく,38:じたばた,41:メロメロ,44:サイコキネシス,47:アイアンヘッド,,,,,,,,,
414,ガーメイル,1:たいあたり,10:まもる,15:むしくい,20:めざめるパワー,23:ねんりき,26:かぜおこし,29:どくのこな,32:サイケこうせん,35:ほごしょく,38:ぎんいろのかぜ,41:エアスラッシュ,44:サイコキネシス,47:むしのさざめき,50:ちょうのまい,,,,,,,,
415,ミツハニー,1:あまいかおり,1:かぜおこし,13:むしくい,,,,,,,,,,,,,,,,,,,
416,ビークイン,1:あまいかおり,1:かぜおこし,3:どくばり,7:あやしいひかり,9:れんぞくぎり,13:ぼうぎょしれい,15:おいうち,19:みだれひっかき,21:パワージェム,25:かいふくしれい,27:どくどく,31:きりさく,33:ゆうわく,37:こうげきしれい,39:いばる,43:みちづれ,,,,,,
417,パチリス,1:なきごえ,1:がまん,5:でんこうせっか,9:あまえる,13:スパーク,17:こらえる,21:スピードスター,25:エレキボール,29:てんしのキッス,33:でんじは,37:いかりのまえば,41:ほうでん,45:とっておき,49:ひっさつまえば,,,,,,,,
418,ブイゼル,1:ソニックブーム,1:なきごえ,1:みずあそび,3:でんこうせっか,6:みずでっぽう,10:おいうち,15:スピードスター,21:アクアジェット,28:こうそくいどう,36:うずしお,45:かまいたち,55:アクアテール,,,,,,,,,,
419,フローゼル,1:こおりのキバ,1:ソニックブーム,1:なきごえ,1:みずあそび,1:でんこうせっか,3:でんこうせっか,6:みずでっぽう,10:おいうち,15:スピードスター,21:アクアジェット,26:かみくだく,29:こうそくいどう,39:うずしお,50:かまいたち,62:アクアテール,,,,,,,
420,チェリンボ,1:あさのひざし,1:たいあたり,7:せいちょう,10:やどりぎのタネ,13:てだすけ,19:マジカルリーフ,22:にほんばれ,28:なやみのタネ,31:とっしん,37:ソーラービーム,40:おまじない,,,,,,,,,,,
421,チェリム,1:あさのひざし,1:たいあたり,1:せいちょう,7:せいちょう,10:やどりぎのタネ,13:てだすけ,19:マジカルリーフ,22:にほんばれ,25:はなびらのまい,30:なやみのタネ,35:とっしん,43:ソーラービーム,48:おまじない,,,,,,,,,
422,カラナクシ,1:どろかけ,2:どろあそび,4:かたくなる,7:みずのはどう,11:どろばくだん,16:めざめるパワー,22:あまごい,29:のしかかり,37:だくりゅう,46:じこさいせい,,,,,,,,,,,,
423,トリトドン,1:どろかけ,1:どろあそび,1:かたくなる,1:みずのはどう,2:どろあそび,4:かたくなる,7:みずのはどう,11:どろばくだん,16:めざめるパワー,22:あまごい,29:のしかかり,41:だくりゅう,54:じこさいせい,,,,,,,,,
424,エテボース,1:ひっかく,1:しっぽをふる,1:すなかけ,1:おどろかす,4:すなかけ,8:おどろかす,11:バトンタッチ,15:くすぐる,18:みだれひっかき,22:スピードスター,25:いやなおと,29:こうそくいどう,32:ダブルアタック,36:なげつける,39:わるだくみ,43:とっておき,,,,,,
425,フワンテ,1:からみつく,1:ちいさくなる,6:おどろかす,11:かぜおこし,14:きあいだめ,17:しっぺがえし,22:たたりめ,27:たくわえる,30:のみこむ,30:はきだす,33:あやしいかぜ,38:バトンタッチ,43:シャドーボール,46:だいばくはつ,,,,,,,,
426,フワライド,1:からみつく,1:ちいさくなる,1:おどろかす,1:かぜおこし,6:おどろかす,11:かぜおこし,14:きあいだめ,17:しっぺがえし,22:たたりめ,27:たくわえる,32:のみこむ,32:はきだす,37:あやしいかぜ,44:バトンタッチ,51:シャドーボール,56:だいばくはつ,,,,,,
427,ミミロル,1:はねる,1:はたく,1:まるくなる,1:みやぶる,6:こらえる,13:やつあたり,16:でんこうせっか,23:とびげり,26:バトンタッチ,33:こうそくいどう,36:ピヨピヨパンチ,43:おさきにどうぞ,46:あまえる,53:なかまづくり,56:とびはねる,63:いやしのねがい,,,,,,
428,ミミロップ,1:ミラーコート,1:マジックコート,1:はねる,1:はたく,1:まるくなる,1:みやぶる,6:こらえる,13:おんがえし,16:でんこうせっか,23:とびげり,26:バトンタッチ,33:こうそくいどう,36:ピヨピヨパンチ,43:おさきにどうぞ,46:あまえる,53:なかまづくり,56:とびはねる,63:いやしのねがい,,,,
429,ムウマージ,1:おまじない,1:マジカルリーフ,1:なきごえ,1:サイコウェーブ,1:うらみ,1:おどろかす,,,,,,,,,,,,,,,,
430,ドンカラス,1:おどろかす,1:おいうち,1:くろいきり,1:つばさでうつ,25:いばる,35:わるだくみ,45:イカサマ,55:つじぎり,65:さきおくり,75:あくのはどう,,,,,,,,,,,,
431,ニャルマー,1:ねこだまし,5:ひっかく,8:なきごえ,13:さいみんじゅつ,17:だましうち,20:みだれひっかき,25:あまえる,29:ねこのて,32:ゆうわく,37:きりさく,41:ふいうち,44:メロメロ,48:つめとぎ,,,,,,,,,
432,ブニャット,1:ねこだまし,1:ひっかく,1:なきごえ,5:ひっかく,8:なきごえ,13:さいみんじゅつ,17:だましうち,20:みだれひっかき,25:あまえる,29:ねこのて,32:ゆうわく,37:きりさく,38:いばる,45:のしかかり,52:メロメロ,60:つめとぎ,,,,,,
433,リーシャン,1:まきつく,6:なきごえ,9:おどろかす,14:ねんりき,17:さわぐ,22:とっておき,25:なかまづくり,,,,,,,,,,,,,,,
434,スカンプー,1:ひっかく,1:きあいだめ,4:どくガス,7:いやなおと,10:みだれひっかき,14:えんまく,18:フェイント,22:きりさく,27:どくどく,32:アシッドボム,37:つじぎり,43:おきみやげ,49:だいばくはつ,,,,,,,,,
435,スカタンク,1:ひっかく,1:きあいだめ,1:どくガス,4:どくガス,7:いやなおと,10:みだれひっかき,14:えんまく,18:フェイント,22:きりさく,27:どくどく,32:アシッドボム,34:かえんほうしゃ,41:つじぎり,51:おきみやげ,61:だいばくはつ,,,,,,,
436,ドーミラー,1:たいあたり,1:ねんりき,7:さいみんじゅつ,12:ふういん,14:あやしいひかり,19:じんつうりき,26:てっぺき,30:しんぴのまもり,35:ジャイロボール,37:みらいよち,41:だましうち,49:しっぺがえし,52:かいふくふうじ,54:ヘビーボンバー,,,,,,,,
437,ドータクン,1:にほんばれ,1:あまごい,1:たいあたり,1:ねんりき,1:さいみんじゅつ,1:ふういん,7:さいみんじゅつ,12:ふういん,14:あやしいひかり,19:じんつうりき,26:てっぺき,30:しんぴのまもり,33:とおせんぼう,38:ジャイロボール,43:みらいよち,50:だましうち,61:しっぺがえし,67:かいふくふうじ,72:ヘビーボンバー,,,
438,ウソハチ,1:うそなき,1:まねっこ,6:じたばた,9:けたぐり,14:いわおとし,17:ものまね,22:とおせんぼう,25:だましうち,30:がんせきふうじ,33:いわなだれ,38:たたきつける,41:ふいうち,46:すてみタックル,,,,,,,,,
439,マネネ,1:くすぐる,1:バリアー,1:ねんりき,4:まねっこ,8:ヨガのポーズ,11:アンコール,15:おうふくビンタ,18:ものまね,22:ひかりのかべ,22:リフレクター,25:サイケこうせん,29:みがわり,32:リサイクル,36:トリック,39:サイコキネシス,43:なりきり,46:バトンタッチ,50:しんぴのまもり,,,,
440,ピンプク,1:はたく,1:あまえる,5:まねっこ,9:リフレッシュ,12:てんしのキッス,,,,,,,,,,,,,,,,,
441,ペラップ,1:つつく,5:なきごえ,9:オウムがえし,13:うたう,17:みだれづき,21:おしゃべり,25:ちょうはつ,29:りんしょう,33:ものまね,37:エコーボイス,41:はねやすめ,45:さわぐ,49:シンクロノイズ,53:フェザーダンス,57:ハイパーボイス,,,,,,,
442,ミカルゲ,1:のろい,1:おいうち,1:あやしいひかり,1:うらみ,1:かげうち,7:だましうち,13:さいみんじゅつ,19:ゆめくい,25:あやしいかぜ,31:ふいうち,37:わるだくみ,43:おきみやげ,49:あくのはどう,,,,,,,,,
443,フカマル,1:たいあたり,3:すなかけ,7:りゅうのいかり,13:すなあらし,15:とっしん,19:すなじごく,25:きりさく,27:ドラゴンクロー,31:あなをほる,37:ドラゴンダイブ,,,,,,,,,,,,
444,ガバイト,1:たいあたり,1:すなかけ,3:すなかけ,7:りゅうのいかり,13:すなあらし,15:とっしん,19:すなじごく,24:ダブルチョップ,28:きりさく,33:ドラゴンクロー,40:あなをほる,49:ドラゴンダイブ,,,,,,,,,,
445,ガブリアス,1:ほのおのキバ,1:たいあたり,1:すなかけ,1:りゅうのいかり,1:すなあらし,3:すなかけ,7:りゅうのいかり,13:すなあらし,15:とっしん,19:すなじごく,24:ダブルチョップ,28:きりさく,33:ドラゴンクロー,40:あなをほる,48:かみくだく,55:ドラゴンダイブ,,,,,,
446,ゴンベ,1:ゆびをふる,1:かぎわける,1:たいあたり,4:まるくなる,9:ドわすれ,12:したでなめる,17:リサイクル,20:いやなおと,25:なしくずし,28:たくわえる,33:のみこむ,36:のしかかり,41:なげつける,44:ころがる,49:しぜんのめぐみ,52:よこどり,57:とっておき,,,,,
447,リオル,1:でんこうせっか,1:みやぶる,1:こらえる,6:カウンター,11:はっけい,15:フェイント,19:きしかいせい,24:いやなおと,29:まねっこ,47:わるだくみ,55:いのちがけ,,,,,,,,,,,
448,ルカリオ,1:あくのはどう,1:でんこうせっか,1:みやぶる,1:みきり,1:メタルクロー,6:カウンター,11:はっけい,15:フェイント,19:ボーンラッシュ,24:きんぞくおん,29:さきどり,33:ファストガード,37:つるぎのまい,42:いやしのはどう,47:めいそう,51:はどうだん,55:インファイト,60:りゅうのはどう,65:しんそく,,,
449,ヒポポタス,1:たいあたり,1:すなかけ,7:かみつく,13:あくび,19:とっしん,19:あなをほる,25:すなじごく,31:かみくだく,37:じしん,44:すてみタックル,50:じわれ,,,,,,,,,,,
450,カバルドン,1:こおりのキバ,1:ほのおのキバ,1:かみなりのキバ,1:たいあたり,1:すなかけ,1:かみつく,1:あくび,7:かみつく,13:あくび,19:とっしん,19:あなをほる,25:すなじごく,31:かみくだく,40:じしん,50:すてみタックル,60:じわれ,,,,,,
451,スコルピ,1:かみつく,1:どくばり,1:にらみつける,6:はたきおとす,12:ミサイルばり,17:つぼをつく,23:こわいかお,28:どくびし,34:むしくい,39:どくどくのキバ,45:つめとぎ,50:ベノムショック,56:かみくだく,61:クロスポイズン,,,,,,,,
452,ドラピオン,1:かみなりのキバ,1:こおりのキバ,1:ほのおのキバ,1:かみつく,1:どくばり,1:にらみつける,1:はたきおとす,6:はたきおとす,12:ミサイルばり,17:つぼをつく,23:こわいかお,28:どくびし,34:むしくい,39:どくどくのキバ,48:つめとぎ,56:ベノムショック,65:かみくだく,73:クロスポイズン,,,,
453,グレッグル,1:おどろかす,3:どろかけ,8:どくばり,10:ちょうはつ,15:おいうち,17:だましうち,22:リベンジ,24:いばる,29:どろばくだん,31:ふいうち,36:ベノムショック,38:わるだくみ,43:どくづき,45:ヘドロばくだん,50:おだてる,,,,,,,
454,ドクロッグ,1:おどろかす,1:どろかけ,1:どくばり,3:どろかけ,8:どくばり,10:ちょうはつ,15:おいうち,17:だましうち,22:リベンジ,24:いばる,29:どろばくだん,31:ふいうち,36:ベノムショック,41:わるだくみ,49:どくづき,54:ヘドロばくだん,62:おだてる,,,,,
455,マスキッパ,1:しめつける,1:せいちょう,7:かみつく,11:つるのムチ,17:あまいかおり,21:ねをはる,27:だましうち,31:グラスミキサー,37:たくわえる,37:はきだす,37:のみこむ,41:かみくだく,47:しぼりとる,51:パワーウィップ,,,,,,,,
456,ケイコウオ,1:はたく,6:みずでっぽう,10:メロメロ,13:あまごい,17:かぜおこし,22:みずのはどう,26:ゆうわく,29:しんぴのまもり,33:アクアリング,38:うずしお,42:とんぼがえり,45:とびはねる,49:ぎんいろのかぜ,54:みずびたし,,,,,,,,
457,ネオラント,1:はたく,1:みずでっぽう,1:メロメロ,6:みずでっぽう,10:メロメロ,13:あまごい,17:かぜおこし,22:みずのはどう,26:ゆうわく,29:しんぴのまもり,35:アクアリング,42:うずしお,48:とんぼがえり,53:とびはねる,59:ぎんいろのかぜ,66:みずびたし,,,,,,
458,タマンタ,1:たいあたり,1:あわ,4:ちょうおんぱ,10:バブルこうせん,13:ずつき,19:こうそくいどう,22:つばさでうつ,28:みずのはどう,31:とっしん,37:あやしいひかり,40:とびはねる,46:アクアリング,49:ハイドロポンプ,,,,,,,,,
459,ユキカブリ,1:こなゆき,1:にらみつける,5:はっぱカッター,9:こごえるかぜ,13:くさぶえ,17:いばる,21:しろいきり,26:こおりのつぶて,31:ねをはる,36:ウッドハンマー,41:ふぶき,46:ぜったいれいど,,,,,,,,,,
460,ユキノオー,1:れいとうパンチ,1:こなゆき,1:にらみつける,1:はっぱカッター,1:こごえるかぜ,5:はっぱカッター,9:こごえるかぜ,13:くさぶえ,17:いばる,21:しろいきり,26:こおりのつぶて,31:ねをはる,36:ウッドハンマー,47:ふぶき,58:ぜったいれいど,,,,,,,
461,マニューラ,1:さしおさえ,1:リベンジ,1:ダメおし,1:ひっかく,1:にらみつける,1:ちょうはつ,1:でんこうせっか,8:でんこうせっか,10:いやなおと,14:だましうち,21:みだれひっかき,24:わるだくみ,28:こごえるかぜ,35:つめとぎ,38:つじぎり,42:なげつける,49:メタルクロー,51:あくのはどう,,,,
462,ジバコイル,1:ミラーコート,1:バリアー,1:きんぞくおん,1:たいあたり,1:でんきショック,1:ちょうおんぱ,6:でんきショック,11:ちょうおんぱ,14:ソニックブーム,17:でんじは,22:スパーク,27:エレキボール,30:ロックオン,34:マグネットボム,40:いやなおと,46:ほうでん,50:ミラーショット,54:でんじふゆう,60:ジャイロボール,66:でんじほう,,
463,ベロベルト,1:したでなめる,5:ちょうおんぱ,9:まるくなる,13:はたきおとす,17:まきつく,21:ふみつけ,25:かなしばり,29:たたきつける,33:ころがる,37:なしくずし,41:さきどり,45:リフレッシュ,49:いやなおと,53:パワーウィップ,57:しぼりとる,61:ジャイロボール,,,,,,
464,ドサイドン,1:どくづき,1:つのでつく,1:しっぽをふる,1:ふみつけ,1:みだれづき,9:ふみつけ,19:みだれづき,19:こわいかお,23:ロックブラスト,30:なしくずし,41:とっしん,42:アームハンマー,47:ドリルライナー,56:ストーンエッジ,62:じしん,71:つのドリル,77:メガホーン,86:がんせきほう,,,,
465,モジャンボ,1:ねをはる,1:からみつく,5:ねむりごな,8:すいとる,12:せいちょう,15:どくのこな,19:つるのムチ,22:しめつける,26:メガドレイン,29:しびれごな,33:はたきおとす,36:げんしのちから,40:しぜんのめぐみ,43:たたきつける,47:くすぐる,50:しぼりとる,54:パワーウィップ,57:とおせんぼう,,,,
466,エレキブル,1:ほのおのパンチ,1:でんこうせっか,1:にらみつける,1:でんきショック,1:けたぐり,6:でんきショック,11:けたぐり,16:スピードスター,21:でんげきは,26:ひかりのかべ,32:エレキボール,38:かみなりパンチ,44:ほうでん,50:１０まんボルト,56:いやなおと,62:かみなり,68:ギガインパクト,,,,,
467,ブーバーン,1:かみなりパンチ,1:スモッグ,1:にらみつける,1:ひのこ,1:えんまく,6:ひのこ,11:えんまく,16:だましうち,21:ほのおのうず,26:あやしいひかり,32:はじけるほのお,38:ほのおのパンチ,44:ふんえん,50:かえんほうしゃ,56:にほんばれ,62:だいもんじ,68:はかいこうせん,,,,,
468,トゲキッス,1:ゴッドバード,1:しんそく,1:はどうだん,1:エアスラッシュ,,,,,,,,,,,,,,,,,,
469,メガヤンマ,1:つじぎり,1:むしくい,1:たいあたり,1:みやぶる,1:でんこうせっか,1:かげぶんしん,6:でんこうせっか,11:かげぶんしん,14:ソニックブーム,17:みきり,22:ちょうおんぱ,27:さわぐ,30:おいうち,33:げんしのちから,38:フェイント,43:きりさく,46:いやなおと,49:とんぼがえり,54:エアスラッシュ,57:むしのさざめき,,
470,リーフィア,1:しっぽをふる,1:たいあたり,1:てだすけ,8:すなかけ,15:はっぱカッター,22:でんこうせっか,29:こうごうせい,36:マジカルリーフ,43:ギガドレイン,50:とっておき,57:くさぶえ,64:にほんばれ,71:リーフブレード,78:つるぎのまい,,,,,,,,
471,グレイシア,1:しっぽをふる,1:たいあたり,1:てだすけ,8:すなかけ,15:こごえるかぜ,22:でんこうせっか,29:かみつく,36:こおりのつぶて,43:こおりのキバ,50:とっておき,57:ミラーコート,64:あられ,71:ふぶき,78:バリアー,,,,,,,,
472,グライオン,1:かみなりのキバ,1:こおりのキバ,1:ほのおのキバ,1:どくづき,1:すなかけ,1:かたくなる,1:はたきおとす,5:すなかけ,9:かたくなる,12:はたきおとす,16:でんこうせっか,20:れんぞくぎり,23:だましうち,27:アクロバット,31:いやなおと,34:つじぎり,38:つるぎのまい,42:とんぼがえり,45:シザークロス,49:ハサミギロチン,,
473,マンムー,1:げんしのちから,1:つつく,1:かぎわける,1:どろあそび,1:こなゆき,4:どろあそび,8:こなゆき,13:どろかけ,16:こらえる,20:どろばくだん,25:あられ,28:こおりのキバ,32:とっしん,33:ダブルアタック,40:じしん,48:しろいきり,56:ふぶき,65:こわいかお,,,,
474,ポリゴンＺ,1:トリックルーム,1:テクスチャー２,1:たいあたり,1:テクスチャー,1:わるだくみ,7:サイケこうせん,12:こうそくいどう,18:じこさいせい,23:でんじふゆう,29:シグナルビーム,34:さしおさえ,40:ほうでん,45:ロックオン,51:トライアタック,56:マジックコート,62:でんじほう,67:はかいこうせん,,,,,
475,エルレイド,1:リーフブレード,1:つじぎり,1:にらみつける,1:ねんりき,1:かげぶんしん,1:テレポート,6:ねんりき,10:かげぶんしん,12:テレポート,17:れんぞくぎり,22:きりさく,25:いやしのはどう,31:つるぎのまい,36:サイコカッター,39:てだすけ,45:フェイント,50:みねうち,53:まもる,59:インファイト,64:アシストパワー,,
476,ダイノーズ,1:でんじふゆう,1:じゅうりょく,1:たいあたり,1:てっぺき,1:マグネットボム,1:とおせんぼう,7:てっぺき,13:マグネットボム,19:とおせんぼう,25:でんじは,31:いわなだれ,37:すなあらし,43:ねむる,49:パワージェム,55:ほうでん,61:ストーンエッジ,67:でんじほう,73:ロックオン,79:だいちのちから,,,
477,ヨノワール,1:ほのおのパンチ,1:れいとうパンチ,1:かみなりパンチ,1:じゅうりょく,1:しめつける,1:にらみつける,1:ナイトヘッド,1:かなしばり,6:かなしばり,9:みやぶる,14:おどろかす,17:あやしいひかり,22:かげうち,25:おいうち,30:のろい,33:おにび,37:シャドーパンチ,42:たたりめ,49:くろいまなざし,58:しっぺがえし,61:みらいよち,
478,ユキメノコ,1:こなゆき,1:にらみつける,1:かげぶんしん,1:おどろかす,4:かげぶんしん,10:おどろかす,13:こごえるかぜ,19:あやしいひかり,22:あやしいかぜ,28:めざましビンタ,31:ゆうわく,37:こおりのつぶて,40:あられ,51:ふぶき,59:みちづれ,,,,,,,
479,ロトム,1:トリック,1:おどろかす,1:でんじは,1:でんきショック,1:あやしいひかり,8:さわぐ,15:かげぶんしん,22:でんげきは,29:あやしいかぜ,36:みがわり,43:エレキボール,50:たたりめ,57:じゅうでん,64:ほうでん,,,,,,,,
480,ユクシー,1:ねむる,1:ねんりき,6:ふういん,16:こらえる,21:スピードスター,31:あくび,36:みらいよち,46:ドわすれ,51:じんつうりき,61:じたばた,66:しぜんのめぐみ,76:おきみやげ,,,,,,,,,,
481,エムリット,1:ねむる,1:ねんりき,6:ふういん,16:まもる,21:スピードスター,31:おまじない,36:みらいよち,46:あまえる,51:じんつうりき,61:まねっこ,66:しぜんのめぐみ,76:いやしのねがい,,,,,,,,,,
482,アグノム,1:ねむる,1:ねんりき,6:ふういん,16:みきり,21:スピードスター,31:さわぐ,36:みらいよち,46:わるだくみ,51:じんつうりき,61:とっておき,66:しぜんのめぐみ,76:だいばくはつ,,,,,,,,,,
483,ディアルガ,1:りゅうのいぶき,1:こわいかお,6:メタルクロー,10:げんしのちから,15:きりさく,19:パワージェム,24:メタルバースト,28:ドラゴンクロー,33:だいちのちから,37:はどうだん,42:アイアンテール,46:ときのほうこう,50:ラスターカノン,,,,,,,,,
484,パルキア,1:りゅうのいぶき,1:こわいかお,6:みずのはどう,10:げんしのちから,15:きりさく,19:パワージェム,24:アクアテール,28:ドラゴンクロー,33:だいちのちから,37:はどうだん,42:アクアテール,46:あくうせつだん,50:ハイドロポンプ,,,,,,,,,
485,ヒードラン,1:げんしのちから,9:にらみつける,17:ほのおのキバ,25:きんぞくおん,33:かみくだく,41:こわいかお,49:ふんえん,57:ほのおのうず,65:アイアンヘッド,73:だいちのちから,81:ねっぷう,88:ストーンエッジ,96:マグマストーム,,,,,,,,,
486,レジギガス,1:ほのおのパンチ,1:れいとうパンチ,1:かみなりパンチ,1:ピヨピヨパンチ,1:はたきおとす,1:あやしいひかり,1:みやぶる,25:リベンジ,40:ワイドガード,50:しねんのずつき,65:しっぺがえし,75:にぎりつぶす,90:ヘビーボンバー,100:ギガインパクト,,,,,,,,
487,ギラティナ（アナザー）,1:りゅうのいぶき,1:こわいかお,6:あやしいかぜ,10:げんしのちから,15:きりさく,19:かげうち,24:みちづれ,28:ドラゴンクロー,33:だいちのちから,37:はどうだん,42:シャドークロー,46:シャドーダイブ,50:たたりめ,,,,,,,,,
487,ギラティナ（オリジン）,1:りゅうのいぶき,1:こわいかお,6:あやしいかぜ,10:げんしのちから,15:きりさく,19:かげうち,24:みちづれ,28:ドラゴンクロー,33:だいちのちから,37:はどうだん,42:シャドークロー,46:シャドーダイブ,50:たたりめ,,,,,,,,,
488,クレセリア,1:ねんりき,1:かげぶんしん,11:しんぴのまもり,20:しろいきり,29:オーロラビーム,38:みらいよち,47:きりさく,57:つきのひかり,66:サイコカッター,75:サイコシフト,84:みかづきのまい,93:サイコキネシス,,,,,,,,,,
489,フィオネ,1:あわ,1:みずあそび,9:あまえる,16:ちょうおんぱ,24:バブルこうせん,31:とける,39:うずしお,46:みずのはどう,54:アクアリング,61:ダイビング,69:あまごい,,,,,,,,,,,
490,マナフィ,1:ほたるび,1:あわ,1:みずあそび,9:あまえる,16:ちょうおんぱ,24:バブルこうせん,31:とける,39:うずしお,46:みずのはどう,54:アクアリング,61:ダイビング,69:あまごい,76:ハートスワップ,,,,,,,,,
491,ダークライ,1:あやしいかぜ,1:かなしばり,11:でんこうせっか,20:さいみんじゅつ,29:だましうち,38:あくむ,47:かげぶんしん,57:くろいきり,66:ダークホール,75:わるだくみ,84:ゆめくい,93:あくのはどう,,,,,,,,,,
492,シェイミ（ランド）,1:せいちょう,10:マジカルリーフ,19:やどりぎのタネ,28:こうごうせい,37:あまいかおり,46:しぜんのめぐみ,55:なやみのタネ,64:アロマセラピー,73:エナジーボール,82:てんしのキッス,91:いやしのねがい,100:シードフレア,,,,,,,,,,
492,シェイミ（スカイ）,1:せいちょう,10:マジカルリーフ,19:やどりぎのタネ,28:でんこうせっか,37:あまいかおり,46:しぜんのめぐみ,55:なやみのタネ,64:エアスラッシュ,73:エナジーボール,82:てんしのキッス,91:リーフストーム,100:シードフレア,,,,,,,,,,
493,アルセウス,1:ちきゅうなげ,1:コスモパワー,1:しぜんのめぐみ,1:おしおき,10:じゅうりょく,20:だいちのちから,30:ハイパーボイス,40:しんそく,50:リフレッシュ,60:みらいよち,70:じこさいせい,80:はかいこうせん,90:ほろびのうた,100:さばきのつぶて,,,,,,,,
494,ビクティニ,1:かえんだん,1:きあいだめ,1:ねんりき,1:やきつくす,1:でんこうせっか,9:こらえる,17:ずつき,25:ニトロチャージ,33:きしかいせい,41:はじけるほのお,49:しねんのずつき,57:れんごく,65:すてみタックル,73:フレアドライブ,81:いのちがけ,89:アシストパワー,97:オーバーヒート,,,,,
495,ツタージャ,1:たいあたり,4:にらみつける,7:つるのムチ,10:まきつく,13:せいちょう,16:グラスミキサー,19:やどりぎのタネ,22:メガドレイン,25:たたきつける,28:リーフブレード,31:とぐろをまく,34:ギガドレイン,37:しぼりとる,40:いえき,43:リーフストーム,,,,,,,
496,ジャノビー,1:たいあたり,1:にらみつける,1:つるのムチ,1:まきつく,4:にらみつける,7:つるのムチ,10:まきつく,13:せいちょう,16:グラスミキサー,20:やどりぎのタネ,24:メガドレイン,28:たたきつける,32:リーフブレード,36:とぐろをまく,40:ギガドレイン,44:しぼりとる,48:いえき,52:リーフストーム,,,,
497,ジャローダ,1:たいあたり,1:にらみつける,1:つるのムチ,1:まきつく,4:にらみつける,7:つるのムチ,10:まきつく,13:せいちょう,16:グラスミキサー,20:やどりぎのタネ,24:メガドレイン,28:たたきつける,32:リーフブレード,38:とぐろをまく,44:ギガドレイン,50:しぼりとる,56:いえき,62:リーフストーム,,,,
498,ポカブ,1:たいあたり,3:しっぽをふる,7:ひのこ,9:かぎわける,13:まるくなる,15:ニトロチャージ,19:スモッグ,21:ころがる,25:とっしん,27:ヒートスタンプ,31:ダメおし,33:かえんほうしゃ,37:もろはのずつき,39:ほえる,43:フレアドライブ,,,,,,,
499,チャオブー,1:たいあたり,1:しっぽをふる,1:ひのこ,1:かぎわける,3:しっぽをふる,7:ひのこ,9:かぎわける,13:まるくなる,15:ニトロチャージ,17:つっぱり,20:スモッグ,23:ころがる,28:とっしん,31:ヒートスタンプ,36:ダメおし,39:かえんほうしゃ,44:もろはのずつき,47:ほえる,52:フレアドライブ,,,
500,エンブオー,1:アームハンマー,1:たいあたり,1:しっぽをふる,1:ひのこ,1:かぎわける,3:しっぽをふる,7:ひのこ,9:かぎわける,13:まるくなる,15:ニトロチャージ,17:つっぱり,20:スモッグ,23:ころがる,28:とっしん,31:ヒートスタンプ,38:ダメおし,43:かえんほうしゃ,50:もろはのずつき,55:ほえる,62:フレアドライブ,,
501,ミジュマル,1:たいあたり,5:しっぽをふる,7:みずでっぽう,11:みずあそび,13:きあいだめ,17:シェルブレード,19:れんぞくぎり,23:みずのはどう,25:リベンジ,29:アクアジェット,31:アンコール,35:アクアテール,37:かたきうち,41:つるぎのまい,43:ハイドロポンプ,,,,,,,
502,フタチマル,1:たいあたり,1:しっぽをふる,1:みずでっぽう,1:みずあそび,5:しっぽをふる,7:みずでっぽう,11:みずあそび,13:きあいだめ,17:シェルブレード,20:れんぞくぎり,25:みずのはどう,28:リベンジ,33:アクアジェット,36:アンコール,41:アクアテール,44:かたきうち,49:つるぎのまい,52:ハイドロポンプ,,,,
503,ダイケンキ,1:メガホーン,1:たいあたり,1:しっぽをふる,1:みずでっぽう,1:みずあそび,5:しっぽをふる,7:みずでっぽう,11:みずあそび,13:きあいだめ,17:シェルブレード,20:れんぞくぎり,25:みずのはどう,28:リベンジ,33:アクアジェット,36:きりさく,38:アンコール,45:アクアテール,50:かたきうち,57:つるぎのまい,62:ハイドロポンプ,,
504,ミネズミ,1:たいあたり,3:にらみつける,6:かみつく,8:がまん,11:みきり,13:すなかけ,16:かみくだく,18:さいみんじゅつ,21:いかりのまえば,23:おさきにどうぞ,26:ふるいたてる,28:ひっさつまえば,31:くろいまなざし,33:バトンタッチ,36:たたきつける,,,,,,,
505,ミルホッグ,1:たいあたり,1:にらみつける,1:かみつく,1:けたぐり,3:にらみつける,6:かみつく,8:がまん,11:みきり,13:すなかけ,16:かみくだく,18:さいみんじゅつ,20:あやしいひかり,22:いかりのまえば,25:おさきにどうぞ,29:じこあんじ,32:ひっさつまえば,36:くろいまなざし,39:バトンタッチ,43:たたきつける,,,
506,ヨーテリー,1:にらみつける,1:たいあたり,5:かぎわける,8:かみつく,12:てだすけ,15:とっしん,19:ふるいたてる,22:かみくだく,26:ほえる,29:かたきうち,33:きしかいせい,36:とっておき,40:ギガインパクト,,,,,,,,,
507,ハーデリア,1:にらみつける,1:たいあたり,1:かぎわける,1:かみつく,5:かぎわける,8:かみつく,12:てだすけ,15:とっしん,20:ふるいたてる,24:かみくだく,29:ほえる,33:かたきうち,38:きしかいせい,42:とっておき,47:ギガインパクト,,,,,,,
508,ムーランド,1:こおりのキバ,1:ほのおのキバ,1:かみなりのキバ,1:にらみつける,1:たいあたり,1:かぎわける,1:かみつく,5:かぎわける,8:かみつく,12:てだすけ,15:とっしん,20:ふるいたてる,24:かみくだく,29:ほえる,36:かたきうち,42:きしかいせい,51:とっておき,59:ギガインパクト,,,,
509,チョロネコ,1:ひっかく,3:なきごえ,6:ねこのて,10:すなかけ,12:みだれひっかき,15:おいうち,19:いちゃもん,21:ねこだまし,24:つめとぎ,28:ダメおし,30:きりさく,33:ゆうわく,37:つじぎり,39:よこどり,42:わるだくみ,46:ふいうち,,,,,,
510,レパルダス,1:ひっかく,1:なきごえ,1:ねこのて,1:すなかけ,3:なきごえ,6:ねこのて,10:すなかけ,12:みだれひっかき,15:おいうち,19:いちゃもん,22:ねこだまし,26:つめとぎ,31:ダメおし,34:きりさく,38:ちょうはつ,43:つじぎり,47:よこどり,50:わるだくみ,55:ふいうち,,,
511,ヤナップ,1:ひっかく,4:にらみつける,7:したでなめる,10:つるのムチ,13:みだれひっかき,16:やどりぎのタネ,19:かみつく,22:タネばくだん,25:いちゃもん,28:なげつける,31:アクロバット,34:くさむすび,37:リサイクル,40:しぜんのめぐみ,43:かみくだく,,,,,,,
512,ヤナッキー,1:にらみつける,1:したでなめる,1:みだれひっかき,1:タネばくだん,,,,,,,,,,,,,,,,,,
513,バオップ,1:ひっかく,4:にらみつける,7:したでなめる,10:やきつくす,13:みだれひっかき,16:あくび,19:かみつく,22:はじけるほのお,25:ドわすれ,28:なげつける,31:アクロバット,34:だいもんじ,37:リサイクル,40:しぜんのめぐみ,43:かみくだく,,,,,,,
514,バオッキー,1:にらみつける,1:したでなめる,1:みだれひっかき,1:はじけるほのお,,,,,,,,,,,,,,,,,,
515,ヒヤップ,1:ひっかく,4:にらみつける,7:したでなめる,10:みずでっぽう,13:みだれひっかき,16:みずあそび,19:かみつく,22:ねっとう,25:ちょうはつ,28:なげつける,31:アクロバット,34:しおみず,37:リサイクル,40:しぜんのめぐみ,43:かみくだく,,,,,,,
516,ヒヤッキー,1:にらみつける,1:したでなめる,1:みだれひっかき,1:ねっとう,,,,,,,,,,,,,,,,,,
517,ムンナ,1:サイコウェーブ,1:まるくなる,5:おまじない,7:あくび,11:サイケこうせん,13:ふういん,17:つきのひかり,19:さいみんじゅつ,23:しねんのずつき,25:シンクロノイズ,29:あくむ,31:みらいよち,35:めいそう,37:サイコキネシス,41:ゆめくい,43:テレキネシス,47:アシストパワー,,,,,
518,ムシャーナ,1:まるくなる,1:おまじない,1:サイケこうせん,1:さいみんじゅつ,,,,,,,,,,,,,,,,,,
519,マメパト,1:かぜおこし,4:なきごえ,8:にらみつける,11:でんこうせっか,15:エアカッター,18:はねやすめ,22:みきり,25:ちょうはつ,29:エアスラッシュ,32:かまいたち,36:フェザーダンス,39:いばる,43:からげんき,46:おいかぜ,50:ゴッドバード,,,,,,,
520,ハトーボー,1:かぜおこし,1:なきごえ,1:にらみつける,1:でんこうせっか,4:なきごえ,8:にらみつける,11:でんこうせっか,15:エアカッター,18:はねやすめ,23:みきり,27:ちょうはつ,32:エアスラッシュ,36:かまいたち,41:フェザーダンス,45:いばる,50:からげんき,54:おいかぜ,59:ゴッドバード,,,,
521,ケンホロウ,1:かぜおこし,1:なきごえ,1:にらみつける,1:でんこうせっか,4:なきごえ,8:にらみつける,11:でんこうせっか,15:エアカッター,18:はねやすめ,23:みきり,27:ちょうはつ,33:エアスラッシュ,38:かまいたち,44:フェザーダンス,49:いばる,55:からげんき,60:おいかぜ,66:ゴッドバード,,,,
522,シママ,1:でんこうせっか,4:しっぽをふる,8:じゅうでん,11:でんげきは,15:でんじは,18:ニトロチャージ,22:おいうち,25:スパーク,29:ふみつけ,32:ほうでん,36:こうそくいどう,39:ワイルドボルト,43:あばれる,,,,,,,,,
523,ゼブライカ,1:でんこうせっか,1:しっぽをふる,1:じゅうでん,1:でんじは,4:しっぽをふる,8:じゅうでん,11:でんげきは,15:でんじは,18:ニトロチャージ,22:おいうち,25:スパーク,31:ふみつけ,36:ほうでん,42:こうそくいどう,47:ワイルドボルト,53:あばれる,,,,,,
524,ダンゴロ,1:たいあたり,4:かたくなる,7:すなかけ,10:ずつき,14:ロックブラスト,17:どろかけ,20:てっぺき,23:うちおとす,27:いわなだれ,30:ステルスロック,33:すなあらし,36:ストーンエッジ,40:だいばくはつ,,,,,,,,,
525,ガントル,1:たいあたり,1:かたくなる,1:すなかけ,1:ずつき,4:かたくなる,7:すなかけ,10:ずつき,14:ロックブラスト,17:どろかけ,20:てっぺき,23:うちおとす,25:パワージェム,30:いわなだれ,36:ステルスロック,42:すなあらし,48:ストーンエッジ,55:だいばくはつ,,,,,
526,ギガイアス,1:たいあたり,1:かたくなる,1:すなかけ,1:ずつき,4:かたくなる,7:すなかけ,10:ずつき,14:ロックブラスト,17:どろかけ,20:てっぺき,23:うちおとす,25:パワージェム,30:いわなだれ,36:ステルスロック,42:すなあらし,48:ストーンエッジ,55:だいばくはつ,,,,,
527,コロモリ,1:ねんりき,4:かぎわける,8:かぜおこし,12:ダメおし,15:ハートスタンプ,19:ふういん,21:エアカッター,25:メロメロ,29:ドわすれ,29:めいそう,32:エアスラッシュ,36:みらいよち,41:サイコキネシス,47:がむしゃら,,,,,,,,
528,ココロモリ,1:ねんりき,1:かぎわける,1:かぜおこし,1:ダメおし,4:かぎわける,8:かぜおこし,12:ダメおし,15:ハートスタンプ,19:ふういん,21:エアカッター,25:メロメロ,29:ドわすれ,29:めいそう,32:エアスラッシュ,36:みらいよち,41:サイコキネシス,47:がむしゃら,,,,,
529,モグリュー,1:ひっかく,1:どろあそび,5:こうそくスピン,8:どろかけ,12:みだれひっかき,15:メタルクロー,19:あなをほる,22:つめとぎ,26:きりさく,29:いわなだれ,33:じしん,36:つるぎのまい,40:すなあらし,43:ドリルライナー,47:じわれ,,,,,,,
530,ドリュウズ,1:ひっかく,1:どろあそび,1:こうそくスピン,1:どろかけ,5:こうそくスピン,8:どろかけ,12:みだれひっかき,15:メタルクロー,19:あなをほる,22:つめとぎ,26:きりさく,29:いわなだれ,31:つのドリル,36:じしん,42:つるぎのまい,49:すなあらし,55:ドリルライナー,62:じわれ,,,,
531,タブンネ,1:はたく,1:なきごえ,1:てだすけ,5:リフレッシュ,10:おうふくビンタ,15:メロメロ,20:ひみつのちから,25:なかまづくり,30:とっしん,35:いやしのはどう,40:おさきにどうぞ,45:シンプルビーム,50:すてみタックル,55:とっておき,,,,,,,,
532,ドッコラー,1:はたく,1:にらみつける,4:きあいだめ,8:がまん,12:けたぐり,16:いわおとし,20:めざましビンタ,24:なしくずし,28:ビルドアップ,31:いわなだれ,34:ばくれつパンチ,37:こわいかお,40:アームハンマー,43:ストーンエッジ,46:きあいパンチ,49:ばかぢから,,,,,,
533,ドテッコツ,1:はたく,1:にらみつける,1:きあいだめ,1:がまん,4:きあいだめ,8:がまん,12:けたぐり,16:いわおとし,20:めざましビンタ,24:なしくずし,29:ビルドアップ,33:いわなだれ,37:ばくれつパンチ,41:こわいかお,45:アームハンマー,49:ストーンエッジ,53:きあいパンチ,57:ばかぢから,,,,
534,ローブシン,1:はたく,1:にらみつける,1:きあいだめ,1:がまん,4:きあいだめ,8:がまん,12:けたぐり,16:いわおとし,20:めざましビンタ,24:なしくずし,29:ビルドアップ,33:いわなだれ,37:ばくれつパンチ,41:こわいかお,45:アームハンマー,49:ストーンエッジ,53:きあいパンチ,57:ばかぢから,,,,
535,オタマロ,1:あわ,1:なきごえ,5:ちょうおんぱ,9:りんしょう,12:バブルこうせん,16:マッドショット,20:アクアリング,23:さわぐ,27:だくりゅう,31:あまごい,34:じたばた,38:エコーボイス,42:ハイドロポンプ,45:ハイパーボイス,,,,,,,,
536,ガマガル,1:あわ,1:なきごえ,1:ちょうおんぱ,1:りんしょう,5:ちょうおんぱ,9:りんしょう,12:バブルこうせん,16:マッドショット,20:アクアリング,23:さわぐ,28:だくりゅう,33:あまごい,37:じたばた,42:エコーボイス,47:ハイドロポンプ,51:ハイパーボイス,,,,,,
537,ガマゲロゲ,1:あわ,1:なきごえ,1:ちょうおんぱ,1:りんしょう,5:ちょうおんぱ,9:りんしょう,12:バブルこうせん,16:マッドショット,20:アクアリング,23:さわぐ,28:だくりゅう,33:あまごい,36:ようかいえき,39:じたばた,44:ドレインパンチ,49:エコーボイス,53:ハイドロポンプ,59:ハイパーボイス,,,,
538,ナゲキ,1:しめつける,1:にらみつける,5:がまん,9:きあいだめ,13:ちきゅうなげ,17:あてみなげ,21:リベンジ,25:やまあらし,29:のしかかり,33:ビルドアップ,37:ともえなげ,41:こらえる,45:ワイドガード,49:ばかぢから,53:きしかいせい,,,,,,,
539,ダゲキ,1:いわくだき,1:にらみつける,5:がまん,9:きあいだめ,13:にどげり,17:ローキック,21:カウンター,25:からてチョップ,29:かわらわり,33:ビルドアップ,37:かたきうち,41:こらえる,45:ファストガード,49:インファイト,53:きしかいせい,,,,,,,
540,クルミル,1:たいあたり,1:いとをはく,8:むしくい,15:はっぱカッター,22:むしのていこう,29:こらえる,36:むしのさざめき,43:じたばた,,,,,,,,,,,,,,
541,クルマユ,1:くさぶえ,1:たいあたり,1:いとをはく,1:むしくい,1:はっぱカッター,20:まもる,,,,,,,,,,,,,,,,
542,ハハコモリ,1:みねうち,1:たいあたり,1:いとをはく,1:むしくい,1:はっぱカッター,8:むしくい,15:はっぱカッター,22:むしのていこう,29:きりさく,32:てだすけ,36:リーフブレード,39:シザークロス,43:なかまづくり,46:つるぎのまい,50:リーフストーム,,,,,,,
543,フシデ,1:まるくなる,1:ころがる,5:どくばり,8:いやなおと,12:おいうち,15:まもる,19:ポイズンテール,22:むしくい,26:ベノムショック,29:こうそくいどう,33:ハードローラー,36:どくどく,40:ロッククライム,43:すてみタックル,,,,,,,,
544,ホイーガ,1:まるくなる,1:ころがる,1:どくばり,1:いやなおと,5:どくばり,8:いやなおと,12:おいうち,15:まもる,19:ポイズンテール,22:てっぺき,23:むしくい,28:ベノムショック,32:こうそくいどう,37:ハードローラー,41:どくどく,46:ロッククライム,50:すてみタックル,,,,,
545,ペンドラー,1:メガホーン,1:まるくなる,1:ころがる,1:どくばり,1:いやなおと,5:どくばり,8:いやなおと,12:おいうち,15:まもる,19:ポイズンテール,23:むしくい,28:ベノムショック,30:バトンタッチ,33:こうそくいどう,39:ハードローラー,44:どくどく,50:ロッククライム,55:すてみタックル,,,,
546,モンメン,1:すいとる,4:せいちょう,8:やどりぎのタネ,10:しびれごな,13:メガドレイン,17:わたほうし,19:はっぱカッター,22:どくのこな,26:ギガドレイン,28:あまえる,31:てだすけ,35:エナジーボール,37:コットンガード,40:にほんばれ,44:がむしゃら,46:ソーラービーム,,,,,,
547,エルフーン,1:せいちょう,1:やどりぎのタネ,1:メガドレイン,1:わたほうし,10:かぜおこし,28:おいかぜ,46:ぼうふう,,,,,,,,,,,,,,,
548,チュリネ,1:すいとる,4:せいちょう,8:やどりぎのタネ,10:ねむりごな,13:メガドレイン,17:こうごうせい,19:マジカルリーフ,22:しびれごな,26:ギガドレイン,28:アロマセラピー,31:てだすけ,35:エナジーボール,37:なかまづくり,40:にほんばれ,44:おさきにどうぞ,46:リーフストーム,,,,,,
549,ドレディア,1:せいちょう,1:やどりぎのタネ,1:メガドレイン,1:こうごうせい,10:フラフラダンス,28:ちょうのまい,46:はなびらのまい,,,,,,,,,,,,,,,
550,バスラオ,1:たいあたり,1:みずでっぽう,4:さわぐ,7:ずつき,10:かみつく,13:アクアジェット,16:なしくずし,20:とっしん,24:かみくだく,28:アクアテール,32:みずびたし,36:すてみタックル,41:こわいかお,46:じたばた,51:いのちがけ,56:あばれる,,,,,,
551,メグロコ,1:にらみつける,1:いかり,4:かみつく,7:すなかけ,10:いちゃもん,13:すなじごく,16:ダメおし,19:どろかけ,22:さしおさえ,25:いばる,28:かみくだく,31:あなをほる,34:こわいかお,37:イカサマ,40:すなあらし,43:じしん,46:あばれる,,,,,
552,ワルビル,1:にらみつける,1:いかり,1:かみつく,1:すなかけ,4:かみつく,7:すなかけ,10:いちゃもん,13:すなじごく,16:ダメおし,19:どろかけ,22:さしおさえ,25:いばる,28:かみくだく,32:あなをほる,36:こわいかお,40:イカサマ,44:すなあらし,48:じしん,52:あばれる,,,
553,ワルビアル,1:にらみつける,1:いかり,1:かみつく,1:すなかけ,4:かみつく,7:すなかけ,10:いちゃもん,13:すなじごく,16:ダメおし,19:どろかけ,22:さしおさえ,25:いばる,28:かみくだく,32:あなをほる,36:こわいかお,42:イカサマ,48:すなあらし,54:じしん,60:げきりん,,,
554,ダルマッカ,1:たいあたり,3:ころがる,6:やきつくす,9:いかり,11:ほのおのキバ,14:ずつき,17:さわぐ,19:からげんき,22:ほのおのパンチ,25:ふるいたてる,27:あばれる,30:はらだいこ,33:フレアドライブ,35:ちょうはつ,39:ばかぢから,42:オーバーヒート,,,,,,
555,ヒヒダルマ,1:たいあたり,1:ころがる,1:やきつくす,1:いかり,3:ころがる,6:やきつくす,9:いかり,11:ほのおのキバ,14:ずつき,17:いばる,19:からげんき,22:ほのおのパンチ,25:ふるいたてる,27:あばれる,30:はらだいこ,33:フレアドライブ,35:アームハンマー,39:ちょうはつ,47:ばかぢから,54:オーバーヒート,,
556,マラカッチ,1:つつく,1:すいとる,3:あまいかおり,6:せいちょう,10:ミサイルばり,13:メガドレイン,15:こうごうせい,18:わたほうし,22:ニードルアーム,26:ギガドレイン,29:つぼをつく,33:ねをはる,38:はなびらのまい,42:ふいうち,45:にほんばれ,50:ソーラービーム,55:コットンガード,57:おさきにどうぞ,,,,
557,イシズマイ,1:れんぞくぎり,5:ロックブラスト,7:からにこもる,11:すなかけ,13:だましうち,17:うちおとす,19:ロックカット,23:むしくい,24:ステルスロック,29:いわなだれ,31:きりさく,35:シザークロス,37:からをやぶる,41:じたばた,43:がんせきほう,,,,,,,
558,イワパレス,1:からをやぶる,1:ロックブラスト,1:からにこもる,1:すなかけ,5:ロックブラスト,7:からにこもる,11:すなかけ,13:だましうち,17:うちおとす,19:ロックカット,23:むしくい,24:ステルスロック,29:いわなだれ,31:きりさく,38:シザークロス,43:からをやぶる,50:じたばた,55:がんせきほう,,,,
559,ズルッグ,1:にらみつける,1:けたぐり,5:すなかけ,9:だましうち,12:ずつき,16:いばる,20:かわらわり,23:しっぺがえし,27:なしくずし,31:とびひざげり,34:こわいかお,38:かみくだく,42:からげんき,45:ロッククライム,49:きあいパンチ,53:もろはのずつき,,,,,,
560,ズルズキン,1:にらみつける,1:けたぐり,1:すなかけ,1:だましうち,5:すなかけ,9:だましうち,12:ずつき,16:いばる,20:かわらわり,23:しっぺがえし,27:なしくずし,31:とびひざげり,34:こわいかお,38:かみくだく,45:からげんき,51:ロッククライム,58:きあいパンチ,65:もろはのずつき,,,,
561,シンボラー,1:かぜおこし,1:ミラクルアイ,4:さいみんじゅつ,8:サイコウェーブ,11:おいかぜ,14:ふきとばし,18:サイケこうせん,21:エアカッター,24:ひかりのかべ,28:リフレクター,31:シンクロノイズ,34:オウムがえし,38:じゅうりょく,41:エアスラッシュ,44:サイコキネシス,48:コスモパワー,51:ゴッドバード,,,,,
562,デスマス,1:おどろかす,1:まもる,5:かなしばり,9:くろいきり,13:ナイトヘッド,17:たたりめ,21:おにび,25:あやしいかぜ,29:のろい,33:パワーシェア,33:ガードシェア,37:シャドーボール,41:おんねん,45:くろいまなざし,49:みちづれ,,,,,,,
563,デスカーン,1:おどろかす,1:まもる,1:かなしばり,1:くろいきり,5:かなしばり,9:くろいきり,13:ナイトヘッド,17:たたりめ,21:おにび,25:あやしいかぜ,29:のろい,33:パワーシェア,33:ガードシェア,34:こわいかお,39:シャドーボール,45:おんねん,51:くろいまなざし,57:みちづれ,,,,
564,プロトーガ,1:がまん,1:からにこもる,1:みずでっぽう,5:ころがる,8:かみつく,11:まもる,15:アクアジェット,18:げんしのちから,21:かみくだく,25:ワイドガード,28:しおみず,31:うちおとす,35:のろい,38:からをやぶる,41:アクアテール,45:いわなだれ,48:あまごい,51:ハイドロポンプ,,,,
565,アバゴーラ,1:がまん,1:からにこもる,1:みずでっぽう,1:ころがる,5:ころがる,8:かみつく,11:まもる,15:アクアジェット,18:げんしのちから,21:かみくだく,25:ワイドガード,28:しおみず,31:うちおとす,35:のろい,40:からをやぶる,45:アクアテール,51:いわなだれ,56:あまごい,61:ハイドロポンプ,,,
566,アーケン,1:でんこうせっか,1:にらみつける,1:つばさでうつ,5:いわおとし,8:かげぶんしん,11:こわいかお,15:ついばむ,18:げんしのちから,21:こうそくいどう,25:ファストガード,28:アクロバット,31:りゅうのいぶき,35:かみくだく,38:がむしゃら,41:とんぼがえり,45:いわなだれ,48:ドラゴンクロー,51:あばれる,,,,
567,アーケオス,1:でんこうせっか,1:にらみつける,1:つばさでうつ,1:いわおとし,5:いわおとし,8:かげぶんしん,11:こわいかお,15:ついばむ,18:げんしのちから,21:こうそくいどう,25:ファストガード,28:アクロバット,31:りゅうのいぶき,35:かみくだく,40:がむしゃら,45:とんぼがえり,51:いわなだれ,56:ドラゴンクロー,61:あばれる,,,
568,ヤブクロン,1:はたく,1:どくガス,3:リサイクル,7:どくびし,12:アシッドボム,14:おうふくビンタ,18:ヘドロこうげき,23:たくわえる,23:のみこむ,25:とっしん,29:ヘドロばくだん,34:クリアスモッグ,36:どくどく,40:ドわすれ,45:ダストシュート,47:だいばくはつ,,,,,,
569,ダストダス,1:はたく,1:どくガス,1:リサイクル,1:どくびし,3:リサイクル,7:どくびし,12:アシッドボム,14:おうふくビンタ,18:ヘドロこうげき,23:たくわえる,23:のみこむ,25:のしかかり,29:ヘドロばくだん,34:クリアスモッグ,39:どくどく,46:ドわすれ,54:ダストシュート,59:だいばくはつ,,,,
570,ゾロア,1:ひっかく,1:にらみつける,5:おいうち,9:うそなき,13:みだれひっかき,17:だましうち,21:こわいかお,25:ちょうはつ,29:イカサマ,33:いちゃもん,37:こうそくいどう,41:さしおさえ,45:おしおき,49:わるだくみ,53:ふういん,57:ナイトバースト,,,,,,
571,ゾロアーク,1:とんぼがえり,1:ひっかく,1:にらみつける,1:おいうち,1:つめとぎ,5:おいうち,9:つめとぎ,13:みだれひっかき,17:だましうち,21:こわいかお,25:ちょうはつ,29:イカサマ,30:つじぎり,34:いちゃもん,39:こうそくいどう,44:さしおさえ,49:おしおき,54:わるだくみ,59:ふういん,64:ナイトバースト,,
572,チラーミィ,1:はたく,3:なきごえ,7:てだすけ,9:くすぐる,13:おうふくビンタ,15:アンコール,19:スピードスター,21:うたう,25:スイープビンタ,27:あまえる,31:めざましビンタ,33:エコーボイス,37:たたきつける,39:ゆうわく,43:ハイパーボイス,45:とっておき,49:おさきにどうぞ,,,,,
573,チラチーノ,1:タネマシンガン,1:ロックブラスト,1:てだすけ,1:くすぐる,1:うたう,1:スイープビンタ,,,,,,,,,,,,,,,,
574,ゴチム,1:はたく,3:ねんりき,7:くすぐる,10:うそなき,14:おうふくビンタ,16:サイケこうせん,19:さしおさえ,24:だましうち,25:サイコショック,28:おだてる,31:みらいよち,33:かいふくふうじ,37:サイコキネシス,40:テレキネシス,46:あまえる,48:マジックルーム,,,,,,
575,ゴチミル,1:はたく,1:ねんりき,1:くすぐる,1:うそなき,3:ねんりき,7:くすぐる,10:うそなき,14:おうふくビンタ,16:サイケこうせん,19:さしおさえ,24:だましうち,25:サイコショック,28:おだてる,31:みらいよち,34:かいふくふうじ,39:サイコキネシス,43:テレキネシス,50:あまえる,53:マジックルーム,,,
576,ゴチルゼル,1:はたく,1:ねんりき,1:くすぐる,1:うそなき,3:ねんりき,7:くすぐる,10:うそなき,14:おうふくビンタ,16:サイケこうせん,19:さしおさえ,24:だましうち,25:サイコショック,28:おだてる,31:みらいよち,34:かいふくふうじ,39:サイコキネシス,45:テレキネシス,54:あまえる,59:マジックルーム,,,
577,ユニラン,1:サイコウェーブ,3:リフレクター,7:ころがる,10:よこどり,14:めざめるパワー,16:ひかりのかべ,19:あまえる,24:じこさいせい,25:サイコショック,28:がむしゃら,31:みらいよち,33:いたみわけ,37:サイコキネシス,40:スキルスワップ,46:かいふくふうじ,48:ワンダールーム,,,,,,
578,ダブラン,1:サイコウェーブ,1:リフレクター,1:ころがる,1:よこどり,3:リフレクター,7:ころがる,10:よこどり,14:めざめるパワー,16:ひかりのかべ,19:あまえる,24:じこさいせい,25:サイコショック,28:がむしゃら,31:みらいよち,34:いたみわけ,39:サイコキネシス,43:スキルスワップ,50:かいふくふうじ,53:ワンダールーム,,,
579,ランクルス,1:サイコウェーブ,1:リフレクター,1:ころがる,1:よこどり,3:リフレクター,7:ころがる,10:よこどり,14:めざめるパワー,16:ひかりのかべ,19:あまえる,24:じこさいせい,25:サイコショック,28:がむしゃら,31:みらいよち,34:いたみわけ,39:サイコキネシス,41:ピヨピヨパンチ,45:スキルスワップ,54:かいふくふうじ,59:ワンダールーム,,
580,コアルヒー,1:みずでっぽう,3:みずあそび,6:きりばらい,9:つばさでうつ,13:みずのはどう,15:つばめがえし,19:バブルこうせん,21:フェザーダンス,24:アクアリング,27:エアスラッシュ,30:はねやすめ,34:あまごい,37:おいかぜ,41:ブレイブバード,46:ぼうふう,,,,,,,
581,スワンナ,1:みずでっぽう,1:みずあそび,1:きりばらい,1:つばさでうつ,3:みずあそび,6:きりばらい,9:つばさでうつ,13:みずのはどう,15:つばめがえし,19:バブルこうせん,21:フェザーダンス,24:アクアリング,27:エアスラッシュ,30:はねやすめ,34:あまごい,40:おいかぜ,47:ブレイブバード,55:ぼうふう,,,,
582,バニプッチ,1:つららばり,4:かたくなる,7:おどろかす,10:さわぐ,13:こごえるかぜ,16:しろいきり,19:ゆきなだれ,22:ちょうはつ,26:ミラーショット,31:とける,35:れいとうビーム,40:あられ,44:ミラーコート,49:ふぶき,53:ぜったいれいど,,,,,,,
583,バニリッチ,1:つららばり,1:かたくなる,1:おどろかす,1:さわぐ,4:かたくなる,7:おどろかす,10:さわぐ,13:こごえるかぜ,16:しろいきり,19:ゆきなだれ,22:ちょうはつ,26:ミラーショット,31:とける,36:れいとうビーム,42:あられ,47:ミラーコート,53:ふぶき,58:ぜったいれいど,,,,
584,バイバニラ,1:ウェザーボール,1:つららばり,1:かたくなる,1:おどろかす,1:さわぐ,4:かたくなる,7:おどろかす,10:さわぐ,13:こごえるかぜ,16:しろいきり,19:ゆきなだれ,22:ちょうはつ,26:ミラーショット,31:とける,36:れいとうビーム,42:あられ,50:ミラーコート,59:ふぶき,67:ぜったいれいど,,,
585,シキジカ,1:たいあたり,1:ほごしょく,4:なきごえ,7:すなかけ,10:にどげり,13:やどりぎのタネ,16:だましうち,20:とっしん,24:とびげり,28:アロマセラピー,32:エナジーボール,36:あまえる,41:しぜんのちから,46:すてみタックル,51:ソーラービーム,,,,,,,
586,メブキジカ,1:メガホーン,1:たいあたり,1:ほごしょく,1:なきごえ,1:すなかけ,4:なきごえ,7:すなかけ,10:にどげり,13:やどりぎのタネ,16:だましうち,20:とっしん,24:とびげり,28:アロマセラピー,32:エナジーボール,36:あまえる,37:ウッドホーン,44:しぜんのちから,52:すてみタックル,60:ソーラービーム,,,
587,エモンガ,1:でんきショック,4:でんこうせっか,7:しっぽをふる,10:じゅうでん,13:スパーク,16:おいうち,19:かげぶんしん,22:でんげきは,26:エレキボール,30:アクロバット,34:ひかりのかべ,38:アンコール,42:ボルトチェンジ,46:こうそくいどう,50:ほうでん,,,,,,,
588,カブルモ,1:つつく,4:にらみつける,8:こらえる,13:れんぞくぎり,16:みだれづき,20:ずつき,25:みねうち,28:むしのさざめき,32:きりさく,37:とっしん,40:こわいかお,44:シザークロス,49:じたばた,52:つるぎのまい,56:すてみタックル,,,,,,,
589,シュバルゴ,1:つつく,1:にらみつける,1:ファストガード,1:ダブルニードル,4:にらみつける,8:ファストガード,13:ダブルニードル,16:みだれづき,20:ずつき,25:みねうち,28:むしのさざめき,32:きりさく,37:アイアンヘッド,40:てっぺき,44:シザークロス,49:きしかいせい,52:つるぎのまい,56:ギガインパクト,,,,
590,タマゲタケ,1:すいとる,6:せいちょう,8:おどろかす,12:がまん,15:メガドレイン,18:ねをはる,20:だましうち,24:あまいかおり,28:ギガドレイン,32:どくどく,35:こうごうせい,39:クリアスモッグ,43:ソーラービーム,45:いかりのこな,50:キノコのほうし,,,,,,,
591,モロバレル,1:すいとる,1:せいちょう,1:おどろかす,1:がまん,6:せいちょう,8:おどろかす,12:がまん,15:メガドレイン,18:ねをはる,20:だましうち,24:あまいかおり,28:ギガドレイン,32:どくどく,35:こうごうせい,43:クリアスモッグ,49:ソーラービーム,54:いかりのこな,62:キノコのほうし,,,,
592,プルリル,1:あわ,1:みずあそび,5:すいとる,9:ナイトヘッド,13:バブルこうせん,17:じこさいせい,22:みずのはどう,27:あやしいかぜ,32:しおみず,37:あまごい,43:たたりめ,49:ハイドロポンプ,55:しぼりとる,61:しおふき,,,,,,,,
593,ブルンゲル,1:あわ,1:みずあそび,1:すいとる,1:ナイトヘッド,5:すいとる,9:ナイトヘッド,13:バブルこうせん,17:じこさいせい,22:みずのはどう,27:あやしいかぜ,32:しおみず,37:あまごい,45:たたりめ,53:ハイドロポンプ,61:しぼりとる,69:しおふき,,,,,,
594,ママンボウ,1:はたく,1:みずあそび,5:アクアリング,9:アクアジェット,13:おうふくビンタ,17:いやしのはどう,21:まもる,25:みずのはどう,29:めざましビンタ,33:みずびたし,37:ねがいごと,41:しおみず,45:しんぴのまもり,49:てだすけ,53:ワイドガード,57:いやしのねがい,61:ハイドロポンプ,,,,,
595,バチュル,1:いとをはく,1:きゅうけつ,1:クモのす,4:でんじは,7:いやなおと,12:れんぞくぎり,15:エレキネット,18:むしくい,23:いえき,26:きりさく,29:エレキボール,34:シグナルビーム,37:こうそくいどう,40:ふいうち,45:ほうでん,48:むしのさざめき,,,,,,
596,デンチュラ,1:いとをはく,1:きゅうけつ,1:クモのす,1:でんじは,4:でんじは,7:いやなおと,12:れんぞくぎり,15:エレキネット,18:むしくい,23:いえき,26:きりさく,29:エレキボール,34:シグナルビーム,40:こうそくいどう,46:ふいうち,54:ほうでん,60:むしのさざめき,,,,,
597,テッシード,1:たいあたり,1:かたくなる,6:ころがる,9:のろい,14:メタルクロー,18:ミサイルばり,21:ジャイロボール,26:てっぺき,30:ミラーショット,35:ねをはる,38:じばく,43:アイアンヘッド,47:しっぺがえし,52:ラスターカノン,55:だいばくはつ,,,,,,,
598,ナットレイ,1:ロッククライム,1:たいあたり,1:かたくなる,1:ころがる,1:のろい,6:ころがる,9:のろい,14:メタルクロー,18:ミサイルばり,21:ジャイロボール,26:てっぺき,30:ミラーショット,35:ねをはる,38:じばく,40:パワーウィップ,46:アイアンヘッド,53:しっぺがえし,61:ラスターカノン,67:だいばくはつ,,,
599,ギアル,1:はさむ,6:じゅうでん,11:でんきショック,16:ギアソーサー,21:しめつける,26:チャージビーム,31:ボディパージ,36:ミラーショット,39:いやなおと,42:ほうでん,45:きんぞくおん,48:ギアチェンジ,51:ロックオン,54:でんじほう,57:はかいこうせん,,,,,,,
600,ギギアル,1:はさむ,1:じゅうでん,1:でんきショック,1:ギアソーサー,6:じゅうでん,11:でんきショック,16:ギアソーサー,21:しめつける,26:チャージビーム,31:ボディパージ,36:ミラーショット,40:いやなおと,44:ほうでん,48:きんぞくおん,52:ギアチェンジ,56:ロックオン,60:でんじほう,64:はかいこうせん,,,,
601,ギギギアル,1:はさむ,1:じゅうでん,1:でんきショック,1:ギアソーサー,6:じゅうでん,11:でんきショック,16:ギアソーサー,21:しめつける,25:チャージビーム,31:ボディパージ,36:ミラーショット,40:いやなおと,44:ほうでん,48:きんぞくおん,54:ギアチェンジ,60:ロックオン,66:でんじほう,72:はかいこうせん,,,,
602,シビシラス,1:たいあたり,1:でんじは,1:スパーク,1:チャージビーム,,,,,,,,,,,,,,,,,,
603,シビビール,1:ずつき,1:でんじは,1:スパーク,1:チャージビーム,9:しめつける,19:ようかいえき,29:ほうでん,39:かみくだく,44:１０まんボルト,49:アシッドボム,54:とぐろをまく,59:ワイルドボルト,64:いえき,69:でんじほう,74:あばれる,,,,,,,
604,シビルドン,1:ブレイククロー,1:ずつき,1:ようかいえき,1:ほうでん,1:かみくだく,,,,,,,,,,,,,,,,,
605,リグレー,1:ねんりき,4:なきごえ,8:かいふくふうじ,11:ミラクルアイ,15:サイケこうせん,18:ずつき,22:めざめるパワー,25:ふういん,29:シンプルビーム,32:しねんのずつき,36:じこあんじ,39:サイコキネシス,43:めいそう,46:じこさいせい,50:ガードシェア,50:パワーシェア,53:シンクロノイズ,56:ワンダールーム,,,,
606,オーベム,1:ねんりき,1:なきごえ,1:かいふくふうじ,1:ミラクルアイ,4:なきごえ,8:かいふくふうじ,11:ミラクルアイ,15:サイケこうせん,18:ずつき,22:めざめるパワー,25:ふういん,29:シンプルビーム,32:しねんのずつき,36:じこあんじ,39:サイコキネシス,45:めいそう,50:じこさいせい,56:ガードシェア,58:パワーシェア,63:シンクロノイズ,68:ワンダールーム,
607,ヒトモシ,1:ひのこ,1:おどろかす,3:ちいさくなる,5:スモッグ,7:ほのおのうず,10:あやしいひかり,13:ナイトヘッド,16:おにび,20:はじけるほのお,24:ふういん,28:たたりめ,33:おきみやげ,38:れんごく,43:のろい,49:シャドーボール,55:いたみわけ,61:オーバーヒート,,,,,
608,ランプラー,1:ひのこ,1:おどろかす,1:ちいさくなる,1:スモッグ,3:ちいさくなる,5:スモッグ,7:ほのおのうず,10:あやしいひかり,13:ナイトヘッド,16:おにび,20:はじけるほのお,24:ふういん,28:たたりめ,33:おきみやげ,38:れんごく,45:のろい,53:シャドーボール,61:いたみわけ,69:オーバーヒート,,,
609,シャンデラ,1:スモッグ,1:あやしいひかり,1:はじけるほのお,1:たたりめ,,,,,,,,,,,,,,,,,,
610,キバゴ,1:ひっかく,4:にらみつける,7:ダメおし,10:りゅうのいかり,13:ダブルチョップ,16:こわいかお,20:きりさく,24:みねうち,28:ドラゴンクロー,32:りゅうのまい,36:ちょうはつ,41:りゅうのはどう,46:つるぎのまい,51:ハサミギロチン,56:げきりん,61:ギガインパクト,,,,,,
611,オノンド,1:ひっかく,1:にらみつける,1:ダメおし,1:りゅうのいかり,4:にらみつける,7:ダメおし,10:りゅうのいかり,13:ダブルチョップ,16:こわいかお,20:きりさく,24:みねうち,28:ドラゴンクロー,32:りゅうのまい,36:ちょうはつ,42:りゅうのはどう,48:つるぎのまい,54:ハサミギロチン,60:げきりん,66:ギガインパクト,,,
612,オノノクス,1:ひっかく,1:にらみつける,1:ダメおし,1:りゅうのいかり,4:にらみつける,7:ダメおし,10:りゅうのいかり,13:ダブルチョップ,16:こわいかお,20:きりさく,24:みねうち,28:ドラゴンクロー,32:りゅうのまい,36:ちょうはつ,42:りゅうのはどう,50:つるぎのまい,58:ハサミギロチン,66:げきりん,74:ギガインパクト,,,
613,クマシュン,1:こなゆき,5:なきごえ,9:がまん,13:こごえるかぜ,17:みだれひっかき,21:しおみず,25:こらえる,29:あまえる,33:きりさく,36:じたばた,41:ねむる,45:ふぶき,49:あられ,53:あばれる,57:ぜったいれいど,,,,,,,
614,ツンベアー,1:ばかぢから,1:こなゆき,1:なきごえ,1:がまん,1:こごえるかぜ,5:なきごえ,9:がまん,13:こごえるかぜ,17:みだれひっかき,21:しおみず,25:こらえる,29:いばる,33:きりさく,36:じたばた,37:つららおとし,41:ねむる,45:ふぶき,53:あられ,59:あばれる,66:ぜったいれいど,,
615,フリージオ,1:しめつける,5:こおりのつぶて,9:かくばる,13:こうそくスピン,17:こごえるかぜ,21:しろいきり,21:くろいきり,25:オーロラビーム,29:とける,33:れいとうビーム,37:ひかりのかべ,37:リフレクター,41:きりさく,45:あやしいひかり,49:じこさいせい,53:ソーラービーム,57:つじぎり,61:ぜったいれいど,,,,
616,チョボマキ,1:きゅうけつ,4:ようかいえき,8:がまん,13:のろい,16:むしのていこう,20:メガドレイン,25:あくび,28:まもる,32:とける,37:ギガドレイン,40:のしかかり,44:むしのさざめき,49:じこさいせい,52:ガードスワップ,56:いのちがけ,,,,,,,
617,アギルダー,1:きゅうけつ,1:アシッドボム,1:かげぶんしん,1:でんこうせっか,4:アシッドボム,8:かげぶんしん,13:でんこうせっか,16:むしのていこう,20:メガドレイン,25:スピードスター,28:さきどり,32:こうそくいどう,37:ギガドレイン,40:とんぼがえり,44:むしのさざめき,49:じこさいせい,52:パワースワップ,56:いのちがけ,,,,
618,マッギョ,1:どろかけ,1:どろあそび,5:がまん,9:でんきショック,13:マッドショット,17:ほごしょく,21:どろばくだん,25:ほうでん,30:こらえる,35:とびはねる,40:だくりゅう,45:１０まんボルト,50:リベンジ,55:じたばた,61:じわれ,,,,,,,
619,コジョフー,1:はたく,5:ヨガのポーズ,9:みきり,13:ねこだまし,17:おうふくビンタ,21:スピードスター,25:めいそう,29:はっけい,33:ドレインパンチ,37:とびげり,41:とんぼがえり,45:ファストガード,49:とびはねる,53:とびひざげり,57:きしかいせい,61:はどうだん,,,,,,
620,コジョンド,1:はたく,1:ヨガのポーズ,1:みきり,1:ねこだまし,5:ヨガのポーズ,9:みきり,13:ねこだまし,17:おうふくビンタ,21:スピードスター,25:めいそう,29:はっけい,33:ドレインパンチ,37:とびげり,41:とんぼがえり,45:ワイドガード,49:とびはねる,56:とびひざげり,63:きしかいせい,70:はどうだん,,,
621,クリムガン,1:にらみつける,1:ひっかく,5:つめとぎ,9:かみつく,13:こわいかお,18:りゅうのいかり,21:きりさく,25:かみくだく,27:ドラゴンクロー,31:なしくずし,35:リベンジ,40:つじぎり,45:ドラゴンテール,49:ロッククライム,55:ばかぢから,62:げきりん,,,,,,
622,ゴビット,1:はたく,1:おどろかす,1:まるくなる,5:どろかけ,9:ころがる,13:シャドーパンチ,17:てっぺき,21:メガトンパンチ,25:マグニチュード,30:ばくれつパンチ,35:ナイトヘッド,40:のろい,45:じしん,50:アームハンマー,55:きあいパンチ,,,,,,,
623,ゴルーグ,1:はたく,1:おどろかす,1:まるくなる,1:どろかけ,5:どろかけ,9:ころがる,13:シャドーパンチ,17:てっぺき,21:メガトンパンチ,25:マグニチュード,30:ばくれつパンチ,35:ナイトヘッド,40:のろい,43:ヘビーボンバー,50:じしん,60:アームハンマー,70:きあいパンチ,,,,,
624,コマタナ,1:ひっかく,6:にらみつける,9:れんぞくぎり,14:いちゃもん,17:だましうち,22:こわいかお,25:メタルクロー,30:きりさく,33:ダメおし,38:きんぞくおん,41:さしおさえ,46:てっぺき,49:つじぎり,54:アイアンヘッド,57:つるぎのまい,62:ハサミギロチン,,,,,,
625,キリキザン,1:メタルバースト,1:ひっかく,1:にらみつける,1:れんぞくぎり,1:いちゃもん,6:にらみつける,9:れんぞくぎり,14:いちゃもん,17:だましうち,22:こわいかお,25:メタルクロー,30:きりさく,33:ダメおし,38:きんぞくおん,41:さしおさえ,46:てっぺき,49:つじぎり,57:アイアンヘッド,63:つるぎのまい,71:ハサミギロチン,,
626,バッフロン,1:おいうち,1:にらみつける,6:いかり,11:みだれづき,16:つのでつく,21:こわいかお,26:リベンジ,31:アフロブレイク,36:きあいだめ,41:メガホーン,46:きしかいせい,51:あばれる,56:つるぎのまい,61:ギガインパクト,,,,,,,,
627,ワシボン,1:つつく,1:にらみつける,5:みだれづき,10:つばさでうつ,14:つめとぎ,19:こわいかお,23:つばめがえし,28:きりさく,32:きりばらい,37:おいかぜ,41:エアスラッシュ,46:ブレイククロー,50:フリーフォール,55:ふきとばし,59:ブレイブバード,64:あばれる,,,,,,
628,ウォーグル,1:つつく,1:にらみつける,1:みだれづき,1:つばさでうつ,5:みだれづき,10:つばさでうつ,14:つめとぎ,19:こわいかお,23:つばめがえし,28:きりさく,32:きりばらい,37:おいかぜ,41:エアスラッシュ,46:ブレイククロー,50:フリーフォール,51:ばかぢから,57:ふきとばし,63:ブレイブバード,70:あばれる,,,
629,バルチャイ,1:かぜおこし,1:にらみつける,5:みだれづき,10:ついばむ,14:わるだくみ,19:おだてる,23:だましうち,28:おしおき,32:きりばらい,37:おいかぜ,41:エアスラッシュ,46:あくのはどう,50:さしおさえ,55:ふきとばし,59:ブレイブバード,64:オウムがえし,,,,,,
630,バルジーナ,1:かぜおこし,1:にらみつける,1:みだれづき,1:ついばむ,5:みだれづき,10:ついばむ,14:わるだくみ,19:おだてる,23:だましうち,28:おしおき,32:きりばらい,37:おいかぜ,41:エアスラッシュ,46:あくのはどう,50:さしおさえ,51:ボーンラッシュ,57:ふきとばし,63:ブレイブバード,70:オウムがえし,,,
631,クイタラン,1:やきつくす,1:したでなめる,6:かぎわける,11:しめつける,16:ほのおのうず,21:みだれひっかき,26:よこどり,31:はじけるほのお,36:むしくい,41:きりさく,46:ドわすれ,51:かえんほうしゃ,56:たくわえる,56:はきだす,56:のみこむ,61:れんごく,,,,,,
632,アイアント,1:はさむ,1:すなかけ,6:れんぞくぎり,11:かみつく,16:こうそくいどう,21:メタルクロー,26:むしくい,31:かみくだく,36:アイアンヘッド,41:あなをほる,46:なかまづくり,51:シザークロス,56:てっぺき,61:ハサミギロチン,66:きんぞくおん,,,,,,,
633,モノズ,1:たいあたり,1:りゅうのいかり,4:きあいだめ,9:かみつく,12:ずつき,17:りゅうのいぶき,20:ほえる,25:かみくだく,28:たたきつける,32:りゅうのはどう,38:ふるいたてる,42:ドラゴンダイブ,48:のしかかり,52:こわいかお,58:ハイパーボイス,62:げきりん,,,,,,
634,ジヘッド,1:ダブルアタック,1:りゅうのいかり,1:きあいだめ,1:かみつく,4:きあいだめ,9:かみつく,12:ずつき,17:りゅうのいぶき,20:ほえる,25:かみくだく,28:たたきつける,32:りゅうのはどう,38:ふるいたてる,42:ドラゴンダイブ,48:のしかかり,55:こわいかお,64:ハイパーボイス,71:げきりん,,,,
635,サザンドラ,1:トライアタック,1:りゅうのいかり,1:きあいだめ,1:かみつく,4:きあいだめ,9:かみつく,12:ずつき,17:りゅうのいぶき,20:ほえる,25:かみくだく,28:たたきつける,32:りゅうのはどう,38:ふるいたてる,42:ドラゴンダイブ,48:のしかかり,55:こわいかお,68:ハイパーボイス,79:げきりん,,,,
636,メラルバ,1:ひのこ,1:いとをはく,10:きゅうけつ,20:とっしん,30:ニトロチャージ,40:むしくい,50:すてみタックル,60:かえんぐるま,70:むしのさざめき,80:ドわすれ,90:あばれる,100:フレアドライブ,,,,,,,,,,
637,ウルガモス,1:ひのこ,1:いとをはく,1:きゅうけつ,1:かぜおこし,10:きゅうけつ,20:かぜおこし,30:ほのおのうず,40:ふきとばし,50:ぎんいろのかぜ,59:ちょうのまい,60:ねっぷう,70:むしのさざめき,80:いかりのこな,90:ぼうふう,100:ほのおのまい,,,,,,,
638,コバルオン,1:でんこうせっか,1:にらみつける,7:にどげり,13:メタルクロー,19:とっしん,25:てだすけ,31:かたきうち,37:アイアンヘッド,42:せいなるつるぎ,49:つるぎのまい,55:ファストガード,61:ふるいたてる,67:メタルバースト,73:インファイト,,,,,,,,
639,テラキオン,1:でんこうせっか,1:にらみつける,7:にどげり,13:うちおとす,19:とっしん,25:てだすけ,31:かたきうち,37:いわなだれ,42:せいなるつるぎ,49:つるぎのまい,55:ファストガード,61:ふるいたてる,67:ストーンエッジ,73:インファイト,,,,,,,,
640,ビリジオン,1:でんこうせっか,1:にらみつける,7:にどげり,13:マジカルリーフ,19:とっしん,25:てだすけ,31:かたきうち,37:ギガドレイン,42:せいなるつるぎ,49:つるぎのまい,55:ファストガード,61:ふるいたてる,67:リーフブレード,73:インファイト,,,,,,,,
641,トルネロス,1:さわぐ,1:おどろかす,1:かぜおこし,7:いばる,13:かみつく,19:リベンジ,25:エアカッター,31:じんつうりき,37:こうそくいどう,43:エアスラッシュ,49:かみくだく,55:おいかぜ,61:あまごい,67:ぼうふう,73:あくのはどう,79:アームハンマー,85:あばれる,,,,,
642,ボルトロス,1:さわぐ,1:おどろかす,1:でんきショック,7:いばる,13:かみつく,19:リベンジ,25:でんげきは,31:かいふくふうじ,37:こうそくいどう,43:ほうでん,49:かみくだく,55:じゅうでん,61:わるだくみ,67:かみなり,73:あくのはどう,79:アームハンマー,85:あばれる,,,,,
643,レシラム,1:ほのおのキバ,1:りゅうのいかり,8:ふういん,15:げんしのちから,22:かえんほうしゃ,29:りゅうのいぶき,36:きりさく,43:じんつうりき,50:クロスフレイム,54:りゅうのはどう,64:ふういん,71:かみくだく,78:だいもんじ,85:げきりん,92:ハイパーボイス,100:あおいほのお,,,,,,
644,ゼクロム,1:かみなりのキバ,1:りゅうのいかり,8:ふういん,15:げんしのちから,22:１０まんボルト,29:りゅうのいぶき,36:きりさく,43:しねんのずつき,50:クロスサンダー,54:ドラゴンクロー,64:ふういん,71:かみくだく,78:かみなり,85:げきりん,92:ハイパーボイス,100:らいげき,,,,,,
645,ランドロス,1:とおせんぼう,1:マッドショット,1:がんせきふうじ,7:ふういん,13:おしおき,19:じならし,25:いわおとし,31:じんつうりき,37:つるぎのまい,43:だいちのちから,49:いわなだれ,55:じしん,61:すなあらし,67:じわれ,73:ストーンエッジ,79:アームハンマー,85:げきりん,,,,,
646,キュレム,1:こごえるかぜ,1:りゅうのいかり,8:ふういん,15:げんしのちから,22:れいとうビーム,29:りゅうのいぶき,36:きりさく,43:こわいかお,50:こごえるせかい,57:りゅうのはどう,64:ふういん,71:がむしゃら,78:ふぶき,85:げきりん,92:ハイパーボイス,,,,,,,
